cohort,circuit_seed,seed,arm,effective_rank,mean_neuron_std,saturation_fraction,observed_sparsity,mean_mbon_norm,mean_active_neurons,mean_observed_cosine,clipped_features,zero_decay_baseline,observed_decay_ratio32
smoke,701,181001,intact,7.164486878675861,0.00346338898128698,0.0,0.0,0.11052691316832595,648.0,0.9824594155466151,0,False,7.145408301251762e-07
smoke,701,181001,KC_MBON,4.394934357862497,0.0007261324916833742,0.0,0.0,0.014276423037262224,648.0,0.947848669893678,0,False,1.1239972573606764e-06
smoke,701,181001,KC_MBON_control0,6.864381421774974,0.0023235431741388765,0.0,0.0,0.06665755617917854,648.0,0.9692145390994132,0,False,1.2172422151844506e-07
smoke,701,181001,KC_MBON_control1,6.9662056874239,0.0023748554864815724,0.0,0.00010416666666666667,0.06488145981087691,647.995,0.9667295206812326,0,False,1.2253226180268116e-07
smoke,701,181001,KC_MBON_control2,6.853365745090828,0.002359669845174511,0.0,0.0,0.06789896861181224,648.0,0.9693285799930633,0,False,1.1926304058927435e-07
smoke,701,181001,DAN_KC,7.132035234294116,0.0034498735943792234,0.0,0.0,0.11032876422976144,648.0,0.9824001947033701,0,False,7.238902954575222e-07
smoke,701,181001,DAN_KC_control0,7.122530254254115,0.0033616624702201294,0.0,0.0,0.10542610887200414,645.0,0.9814679005729845,0,False,7.251781321098424e-07
smoke,701,181001,DAN_KC_control1,7.13890985529102,0.0034730769710024194,0.0,0.0,0.10944694712893349,646.0,0.9818437246843683,0,False,7.05548445657214e-07
smoke,701,181001,DAN_KC_control2,7.050494980272652,0.003512133949979998,0.0,0.0,0.10974687452780309,645.0,0.9816845282758253,0,False,7.044068536526091e-07
smoke,701,181001,DAN_MBON,5.575156381596939,0.0030590612059185774,0.0,0.0,0.1065177834904166,648.0,0.9824972231001045,0,False,7.268240192614475e-07
smoke,701,181001,DAN_MBON_control0,7.147780527838514,0.003409286736121025,0.0,0.020833333333333332,0.10892043791892324,645.0,0.982096421767126,1,False,1.6847020099883855e-07
smoke,701,181001,DAN_MBON_control1,7.024854510736279,0.0032561459342416404,0.0,0.0,0.10003889441334855,646.0,0.9799111967247341,0,False,1.8003254296119688e-07
smoke,701,181001,DAN_MBON_control2,7.041408372709658,0.0031921720238725568,0.0,0.0,0.10508373126785937,645.0,0.9828341306835577,0,False,2.2400859460994275e-07
smoke,701,181001,KC_APL,7.0274603434332255,0.0034684237992566335,0.0,0.0,0.18376832394674453,648.0,0.9937167880993062,0,False,2.7059325308135332e-08
smoke,701,181001,KC_APL_control0,7.089945215959041,0.003487018970712676,0.0,0.0,0.18013339675008871,648.0,0.9934492056590868,0,False,2.511566280681586e-08
smoke,701,181001,KC_APL_control1,7.050672754900135,0.0034729837932640784,0.0,0.0,0.1784328828007861,648.0,0.9933518855642971,0,False,2.7365276648951287e-08
smoke,701,181001,KC_APL_control2,7.152965056080452,0.003497464163420796,0.0,0.0,0.17429831466341092,648.0,0.9930033254173662,0,False,2.0346204035392e-08
smoke,701,181001,APL_KC,7.010953595155104,0.003463587130920495,0.0,0.0,0.17230925734630367,338.0,0.9928364699807015,0,False,3.0631128554359346e-08
smoke,701,181001,APL_KC_control0,6.8714104154062285,0.0034187677574564965,0.0,0.0,0.15883252299867098,310.0,0.9916193561584319,0,False,1.0091375015579025e-07
smoke,701,181001,APL_KC_control1,6.86751041489134,0.0034219925391421654,0.0,0.0,0.15849457987575005,310.0,0.9915918580475025,0,False,1.0561439691857805e-07
smoke,701,181001,APL_KC_control2,6.938055244406905,0.003456253150837132,0.0,0.0,0.1593085242062762,309.0,0.9916788559111893,0,False,1.0883744772767467e-07
discovery,701,181142,intact,6.341398962031658,0.0035755358037630656,0.0,0.0,0.11277029792102913,648.0,0.9763333973724412,0,False,6.962722833113305e-07
discovery,701,181142,KC_MBON,4.880193649061159,0.00033433021004342745,0.0,2.0833333333333333e-05,0.009457240774601066,647.9985,0.9745101391616438,0,False,1.435090878763928e-06
discovery,701,181142,KC_MBON_control0,5.4319600702896205,0.0031492168092174186,0.0,0.0,0.07787303690217251,648.0,0.9502264885137195,0,False,2.9528840942282894e-07
discovery,701,181142,KC_MBON_control1,5.375464992105197,0.0029546501782207074,0.0,0.0,0.0752415766860046,648.0,0.9516127474896771,0,False,3.090952421074057e-07
discovery,701,181142,KC_MBON_control2,5.419755395984133,0.0030433842073044003,0.0,0.0,0.0754490372713575,648.0,0.9510300776450513,0,False,3.037495469140695e-07
discovery,701,181142,DAN_KC,6.3219870956174375,0.0035724882686309044,0.0,0.0,0.11219075667595055,648.0,0.9760168764599991,0,False,6.819537975853376e-07
discovery,701,181142,DAN_KC_control0,6.27401749055795,0.00349797086546369,0.0,0.020833333333333332,0.11078737401267512,644.0,0.9758431588884892,1,False,7.027900054292035e-07
discovery,701,181142,DAN_KC_control1,6.2450697737427285,0.003477909781352477,0.0,0.0,0.10958417945992949,646.0,0.9754085211457766,0,False,7.032801497226645e-07
discovery,701,181142,DAN_KC_control2,6.321663875879583,0.003467237729150936,0.0,0.0,0.11117644631288504,646.0,0.9760443528653762,0,False,6.923930945547889e-07
discovery,701,181142,DAN_MBON,5.469295889983771,0.003436687655809996,0.0,0.0,0.10766586598398419,647.9995,0.9742024871612064,0,False,7.133949584384183e-07
discovery,701,181142,DAN_MBON_control0,6.731727803980989,0.0031558098013221765,0.0,0.0,0.10093676799362228,645.0,0.9794309756481887,0,False,1.9620272617912466e-07
discovery,701,181142,DAN_MBON_control1,6.518162820836949,0.003295989229230844,0.0,0.0,0.1046731348121555,646.0,0.9752560790417433,0,False,2.1394703253590699e-07
discovery,701,181142,DAN_MBON_control2,6.470012723661998,0.003466166750399785,0.0,0.0,0.11093713885192863,646.0,0.9791616512626374,0,False,3.1282589893024274e-07
discovery,701,181142,KC_APL,6.1435504841723425,0.003570025398288204,0.0,0.0,0.18777079450859296,648.0,0.9916209178935965,0,False,1.9518490072884736e-07
discovery,701,181142,KC_APL_control0,6.24018848014444,0.003573669827616766,0.0,0.0,0.18110380872541,648.0,0.9909836617839436,0,False,2.0658537117442967e-07
discovery,701,181142,KC_APL_control1,6.2954240695993,0.0036018956089974782,0.0,0.0,0.18285296543136442,648.0,0.9910973175139246,0,False,2.117914428488911e-07
discovery,701,181142,KC_APL_control2,6.336088239126219,0.003608665418125987,0.0,0.0,0.17863353871712426,648.0,0.9907167598371225,0,False,2.0121897865414716e-07
discovery,701,181142,APL_KC,6.14959974399118,0.003565593545031354,0.0,0.0,0.17567631993515298,329.4885,0.9903972675025821,0,False,1.7885340534285075e-07
discovery,701,181142,APL_KC_control0,6.08723991146561,0.0035480659218819336,0.0,0.0,0.1613338547023118,320.4975,0.9885374397916642,0,False,1.2830348165707896e-07
discovery,701,181142,APL_KC_control1,6.0585240792961015,0.003554245382969236,0.0,0.0,0.16305578977826032,320.4975,0.9887904580133368,0,False,1.2609536813437037e-07
discovery,701,181142,APL_KC_control2,6.06295528344446,0.0035397369653849486,0.0,0.0,0.16227726182527316,318.4975,0.9887611134762199,0,False,1.401383773782289e-07
discovery,702,181142,intact,6.211284714368107,0.0034962333436481786,0.0,0.0,0.10514453741455682,646.0,0.9733469686410848,0,False,6.540990408036823e-07
discovery,702,181142,KC_MBON,3.5700882413061734,0.0005503368395932156,0.0,1.0416666666666666e-05,0.015262653851736075,645.999,0.945367929265548,0,False,1.2360996003879963e-06
discovery,702,181142,KC_MBON_control0,6.165483809849589,0.0032438930965710115,0.0,0.0,0.07042237179501645,646.0,0.9437321788569365,0,False,9.503408553901354e-08
discovery,702,181142,KC_MBON_control1,6.202735747169775,0.0032464720733280665,0.0,0.0,0.06994489064007764,646.0,0.9433027843368008,0,False,9.766720563227358e-08
discovery,702,181142,KC_MBON_control2,6.203008714451232,0.003320856238308636,0.0,0.0,0.06789390067010462,646.0,0.9381313397194555,0,False,1.0006118315366428e-07
discovery,702,181142,DAN_KC,6.212112955757117,0.0034955459068673543,0.0,0.0,0.10493709706673852,646.0,0.9732263557073246,0,False,6.724390014507324e-07
discovery,702,181142,DAN_KC_control0,6.210512856723423,0.003506257764961135,0.0,0.0,0.10268070723235215,644.0,0.9720555736011516,0,False,6.649658675115075e-07
discovery,702,181142,DAN_KC_control1,6.192457057975533,0.0034900985386789735,0.0,0.0,0.10569851238781312,644.0,0.9736143311399551,0,False,6.384482716515296e-07
discovery,702,181142,DAN_KC_control2,6.253655232275594,0.0034122481190398085,0.0,0.0,0.10427699733596901,644.0,0.9746999406385025,0,False,6.373292955838889e-07
discovery,702,181142,DAN_MBON,4.764149440859886,0.0031908201100324155,0.0,0.0,0.10050914652722534,646.0,0.9719754804215833,0,False,6.967942058010187e-07
discovery,702,181142,DAN_MBON_control0,6.2777803318866345,0.003406307523177552,0.0,0.020833333333333332,0.10053854018210745,644.0,0.9713822331706812,1,False,1.4147093720932844e-07
discovery,702,181142,DAN_MBON_control1,6.388011241068099,0.0036139505287441837,0.0,0.0,0.0989914359209194,643.0,0.968107580349141,0,False,1.615381680354567e-07
discovery,702,181142,DAN_MBON_control2,6.411323557388503,0.003337831949846444,0.0,0.0,0.10117933858327731,643.0,0.9731842837646582,0,False,1.857003393549543e-07
discovery,702,181142,KC_APL,6.163570392823126,0.0034849848572808314,0.0,0.0,0.18148085537056835,646.0,0.9911412871708658,0,False,3.025853681774035e-08
discovery,702,181142,KC_APL_control0,6.288374518919533,0.0035298150889471885,0.0,0.0,0.1738093632057981,646.0,0.99031409771286,0,False,2.794889002736693e-08
discovery,702,181142,KC_APL_control1,6.317222927060084,0.0035220379426676948,0.0,0.0,0.17715932779389157,646.0,0.9906635280956674,0,False,4.714124846290892e-08
discovery,702,181142,KC_APL_control2,6.1773608736354255,0.003506644989831073,0.0,0.0,0.17388951823627485,645.9995,0.9903263080818195,0,False,2.6675874170445975e-08
discovery,702,181142,APL_KC,6.139379200666226,0.003484205455567752,0.0,0.0,0.16904251992068828,324.4565,0.989764031999583,0,False,2.584853266809673e-08
discovery,702,181142,APL_KC_control0,6.0245735557477635,0.0034380438256729467,0.0,0.0,0.1568361661674311,310.5115,0.9880933463162385,0,False,1.2385699609291648e-08
discovery,702,181142,APL_KC_control1,6.024484537829787,0.003434586760261173,0.0,0.0,0.1574877783274203,310.5075,0.988198192194209,0,False,1.3658926087396373e-08
discovery,702,181142,APL_KC_control2,6.050661821108884,0.0034501147051263664,0.0,0.0,0.157936926975893,310.5075,0.9882558441827306,0,False,1.3221923945767772e-08
discovery,701,181143,intact,6.312234481671924,0.003972002433104529,0.0,0.0,0.1284677466378425,648.0,0.9801871596163516,0,False,6.383551423432621e-07
discovery,701,181143,KC_MBON,4.090667573905715,0.0006015437269162647,0.0,0.0,0.016235280422413404,648.0,0.9730135158759587,0,False,9.982604524337217e-07
discovery,701,181143,KC_MBON_control0,5.727682230815414,0.00339910030985802,0.0,0.0,0.08749175979158816,648.0,0.9617324984164024,0,False,3.0209105417647745e-07
discovery,701,181143,KC_MBON_control1,5.715849387672269,0.00340566197269679,0.0,0.0,0.08556183540946449,647.9995,0.9601389170266907,0,False,2.887590522596566e-07
discovery,701,181143,KC_MBON_control2,5.672479410906711,0.0033238855846764565,0.0,0.0,0.08769809175941631,648.0,0.9643770859894928,0,False,2.99353080402832e-07
discovery,701,181143,DAN_KC,6.303667168707824,0.0039659859760912556,0.0,0.0,0.12784348456422906,648.0,0.9799283461569578,0,False,6.034930496131683e-07
discovery,701,181143,DAN_KC_control0,6.252119551174717,0.0039669135796354645,0.0,0.0,0.12639046326217265,645.0,0.9794184378608456,0,False,6.413937829901111e-07
discovery,701,181143,DAN_KC_control1,6.214702875212272,0.003945423312839344,0.0,0.0,0.12867505611031485,645.0,0.9802465691404345,0,False,6.206321241585705e-07
discovery,701,181143,DAN_KC_control2,6.19729384866546,0.0039219451958501335,0.0,0.020833333333333332,0.1268995210442409,644.0,0.9797424067320247,1,False,6.304476609588074e-07
discovery,701,181143,DAN_MBON,5.090146088751281,0.0037076272489670464,0.0,1.0416666666666666e-05,0.1204564331143477,647.9995,0.9779009648111914,0,False,6.34086858580814e-07
discovery,701,181143,DAN_MBON_control0,6.7054013070660226,0.0035157716282422334,0.0,0.0,0.10804823701270101,645.0,0.9782638317279398,0,False,1.932031508563627e-07
discovery,701,181143,DAN_MBON_control1,6.294925626291075,0.0038565503309511036,0.0,0.0,0.12419599492588904,644.0,0.9794501621499172,0,False,2.7114239811514613e-07
discovery,701,181143,DAN_MBON_control2,6.458991490570928,0.0037977799293781485,0.0,0.0,0.12163090611948824,646.0,0.980036490688634,0,False,2.930152156549804e-07
discovery,701,181143,KC_APL,6.216144574185685,0.0039220181241351355,0.0,0.0,0.2033163027100936,648.0,0.9921984999663467,0,False,1.993630067913692e-07
discovery,701,181143,KC_APL_control0,6.270037491099335,0.00393892983448106,0.0,0.0,0.199032453965508,648.0,0.9918485897561509,0,False,2.1319073949202463e-07
discovery,701,181143,KC_APL_control1,6.261146543854356,0.00391204634326119,0.0,0.0,0.1956433887181992,648.0,0.9915682684172346,0,False,1.9234763676019576e-07
discovery,701,181143,KC_APL_control2,6.301131497278137,0.003922154027047449,0.0,0.0,0.19574543393196356,648.0,0.9915691841095675,0,False,2.163427676547369e-07
discovery,701,181143,APL_KC,6.2352527261997475,0.00392455488522134,0.0,0.0,0.19194711129432743,326.643,0.9912203661613964,0,False,1.792415940289181e-07
discovery,701,181143,APL_KC_control0,6.148915953764905,0.003914580765070288,0.0,0.0,0.178980260073733,311.6695,0.9898613611697613,0,False,1.2200141273788706e-07
discovery,701,181143,APL_KC_control1,6.149365292036369,0.003921867849695787,0.0,0.0,0.17743614505399585,311.6665,0.9896941878721321,0,False,1.2662119020428972e-07
discovery,701,181143,APL_KC_control2,6.156774374149687,0.003924871016928244,0.0,0.0,0.176815393042148,308.6695,0.9895984033005241,0,False,1.354243287582876e-07
discovery,702,181143,intact,6.5076286249238695,0.0046328049639607774,0.0,0.0,0.10464553237666445,645.9995,0.9647747400395661,0,False,6.383309224944583e-07
discovery,702,181143,KC_MBON,3.761131029209894,0.000485048366471651,0.0,0.0,0.014401425948502801,646.0,0.9586629877553436,0,False,1.1352902177681358e-06
discovery,702,181143,KC_MBON_control0,6.107028755139578,0.0033312153702759056,0.0,0.0,0.07005394959027277,646.0,0.9441558261236346,0,False,9.695109023238906e-08
discovery,702,181143,KC_MBON_control1,6.132079295928889,0.003307301496292027,0.0,0.0,0.06829240564940878,646.0,0.9424816915226673,0,False,1.044059794249243e-07
discovery,702,181143,KC_MBON_control2,6.153325114290808,0.0035193567198580204,0.0,0.0,0.07115739199385035,646.0,0.9440663447172982,0,False,9.695112899015585e-08
discovery,702,181143,DAN_KC,6.511416966639099,0.004631138051761692,0.0,0.0,0.1042023197427327,646.0,0.9644383719639533,0,False,6.605045461589999e-07
discovery,702,181143,DAN_KC_control0,6.47495960255419,0.004619199289133717,0.0,0.0,0.1044754463113801,644.0,0.9646998389851763,0,False,6.328368752730048e-07
discovery,702,181143,DAN_KC_control1,6.370357340884018,0.004524934468142763,0.0,0.0,0.10324269790063766,645.0,0.9663498751788254,0,False,6.255982916892032e-07
discovery,702,181143,DAN_KC_control2,6.478283712291653,0.00462374407622262,0.0,0.020833333333333332,0.10472046146630826,643.0,0.9647726904471371,1,False,6.321188298368478e-07
discovery,702,181143,DAN_MBON,5.31358310196366,0.004360263685206364,0.0,0.0,0.09795793683181618,646.0,0.9609219163206522,0,False,6.996948444123846e-07
discovery,702,181143,DAN_MBON_control0,6.654544440153977,0.004419091754353767,0.0,0.0,0.10643323540467965,643.0,0.967427079019384,0,False,1.5043122499093873e-07
discovery,702,181143,DAN_MBON_control1,6.614038992466222,0.004154013692624724,0.0,0.0,0.0918139480345291,644.0,0.95966789567719,0,False,2.2916461180228948e-07
discovery,702,181143,DAN_MBON_control2,6.609804723978677,0.004070372533842413,0.0,0.0,0.09413135491329568,644.0,0.9604959151936632,0,False,1.812150147581551e-07
discovery,702,181143,KC_APL,6.471073292820845,0.004601086281322989,0.0,0.0,0.18078055293615716,646.0,0.9884897641018899,0,False,3.0878215818618485e-08
discovery,702,181143,KC_APL_control0,6.530285324186104,0.004583210841012219,0.0,0.0,0.1757130856489353,646.0,0.9877789378294369,0,False,4.1147580990868926e-08
discovery,702,181143,KC_APL_control1,6.519612402959093,0.00459876403051783,0.0,0.0,0.17408648144664546,645.9995,0.9875912336049796,0,False,4.151259812200545e-08
discovery,702,181143,KC_APL_control2,6.497234417136688,0.004627584213877466,0.0,0.0,0.170484055517737,646.0,0.9870083934013528,0,False,4.2223201352430446e-08
discovery,702,181143,APL_KC,6.463741870767626,0.004599577389403558,0.0,0.0,0.16910899964564233,317.6435,0.9867590020689194,0,False,3.506059149425954e-08
discovery,702,181143,APL_KC_control0,6.36982607290105,0.00460194680638456,0.0,0.0,0.15795231973279142,302.677,0.9846889855446707,0,False,1.99924896992578e-08
discovery,702,181143,APL_KC_control1,6.335007832129192,0.0045723822695483834,0.0,0.0,0.1564396432927735,302.674,0.9843956403540493,0,False,2.0216017924122156e-08
discovery,702,181143,APL_KC_control2,6.33433916394751,0.004570893944108488,0.0,0.0,0.15782669534351146,302.674,0.9846742732173634,0,False,2.3249964554719546e-08
discovery,701,181144,intact,6.525857851829677,0.0031033818989330253,0.0,1.0416666666666666e-05,0.11250116949854082,647.9995,0.9851214136932803,0,False,6.590520919606095e-07
discovery,701,181144,KC_MBON,4.982379658931542,0.0004016669290738853,0.0,0.0,0.013951628316200957,648.0,0.9866672637472886,0,False,1.175517629678615e-06
discovery,701,181144,KC_MBON_control0,6.188057223560071,0.002691973373228442,0.0,0.0,0.0649881832176418,648.0,0.9577850218776205,0,False,1.3892059371404923e-07
discovery,701,181144,KC_MBON_control1,6.166190584113008,0.0028430552308285582,0.0,0.0,0.06715235966631974,648.0,0.9576011052942921,0,False,1.275070208641307e-07
discovery,701,181144,KC_MBON_control2,6.269090436999146,0.002789572119423831,0.0,0.0,0.06601234276346014,648.0,0.9573222864080849,0,False,1.2961760710007826e-07
discovery,701,181144,DAN_KC,6.488998446862882,0.0030996662409219534,0.0,0.0,0.1121093408368113,648.0,0.9850238963469317,0,False,6.771445812754003e-07
discovery,701,181144,DAN_KC_control0,6.5076351531467385,0.0030572611314547225,0.0,0.0,0.11110140902495695,645.0,0.9849280511741131,0,False,6.535597028733361e-07
discovery,701,181144,DAN_KC_control1,6.624499096846259,0.0030902358906445535,0.0,0.0,0.10931210075466953,644.999,0.9843543792440307,0,False,6.590663677332718e-07
discovery,701,181144,DAN_KC_control2,6.506751450904289,0.0030750199924055015,0.0,0.0,0.11132518424667373,644.9995,0.9848662988752874,0,False,6.602086767321532e-07
discovery,701,181144,DAN_MBON,5.460513174526641,0.002983986080083383,0.0,1.0416666666666666e-05,0.10657686823570856,647.9995,0.983587101188119,0,False,7.027744374837563e-07
discovery,701,181144,DAN_MBON_control0,6.648436974868578,0.0030534923080719582,0.0,0.0,0.10498643330434189,646.0,0.9826797657920483,0,False,1.4904724857429133e-07
discovery,701,181144,DAN_MBON_control1,6.559657106423527,0.0028144644766380142,0.0,0.0,0.10759746256314698,646.0,0.9852360255015696,0,False,1.5482165741478227e-07
discovery,701,181144,DAN_MBON_control2,6.630312341764824,0.002754327202030621,0.0,0.0,0.10726382078956172,645.0,0.9847441549139236,0,False,1.6017106495567332e-07
discovery,701,181144,KC_APL,6.435208321484758,0.0030689949432914716,0.0,0.0,0.1883360689792108,648.0,0.9948235862902889,0,False,2.96774005786825e-08
discovery,701,181144,KC_APL_control0,6.643209411691182,0.003130335441206867,0.0,0.0,0.1812439758747186,648.0,0.9943991099759605,0,False,3.6532159913010666e-08
discovery,701,181144,KC_APL_control1,6.519233880164118,0.0030836903890343655,0.0,0.0,0.17995549723881546,648.0,0.9943219815936978,0,False,2.377639533140378e-08
discovery,701,181144,KC_APL_control2,6.443583450228947,0.0030567963376519507,0.0,0.0,0.18108027182792208,648.0,0.9943812656010073,0,False,3.1858984641640874e-08
discovery,701,181144,APL_KC,6.433604464679654,0.003069055468287835,0.0,0.0,0.17742854452533127,337.8755,0.9941674592099418,0,False,2.3895801067060916e-08
discovery,701,181144,APL_KC_control0,6.340658743006159,0.003080357456602831,0.0,0.0,0.16390614770575265,318.8825,0.9931721384174382,0,False,9.793804825513805e-08
discovery,701,181144,APL_KC_control1,6.295797092819928,0.0030476881842866157,0.0,0.0,0.1646410528434174,320.884,0.9932354664915874,0,False,9.436258172000786e-08
discovery,701,181144,APL_KC_control2,6.29315231890237,0.003042625238443664,0.0,0.0,0.16388802326718613,322.8825,0.9932033358910639,0,False,8.854354407606324e-08
discovery,702,181144,intact,6.4739369066924715,0.0038889852799723124,0.0,0.0,0.10978126542434821,645.9995,0.9750720192591259,0,False,7.32076221657092e-07
discovery,702,181144,KC_MBON,3.8636966158215422,0.0003854870920157803,0.0,0.0,0.014250991815289691,645.982,0.9727356353220852,0,False,1.1602320586485413e-06
discovery,702,181144,KC_MBON_control0,5.980366744515711,0.0027063809101968185,0.0,0.0,0.055851458992695856,646.0,0.9349698892286783,0,False,1.335959186091275e-07
discovery,702,181144,KC_MBON_control1,5.9765932444381455,0.002689472881560282,0.0,1.0416666666666666e-05,0.05489591295779008,645.9995,0.9334298700722033,0,False,1.438899131364637e-07
discovery,702,181144,KC_MBON_control2,5.998747757185173,0.0027381065160656365,0.0,0.0,0.05551673826918508,645.9995,0.9323173132974019,0,False,1.302023939798058e-07
discovery,702,181144,DAN_KC,6.474843603812149,0.0038876355316046344,0.0,0.0,0.10948621571864652,646.0,0.9749368356122902,0,False,7.540636989365955e-07
discovery,702,181144,DAN_KC_control0,6.471894490249517,0.0038800955173552702,0.0,0.0,0.10746535001746688,644.0,0.9738639426610514,0,False,7.306237805198584e-07
discovery,702,181144,DAN_KC_control1,6.4917295956354355,0.0038747826633798153,0.0,0.0,0.10903110883571256,644.0,0.9748852705623268,0,False,7.18886850620146e-07
discovery,702,181144,DAN_KC_control2,6.438602905540255,0.0038938939231376053,0.0,0.0,0.10973339482605782,644.0,0.974641793142084,0,False,7.324235765878008e-07
discovery,702,181144,DAN_MBON,5.4998352177261935,0.003676454405560477,0.0,0.0,0.10372838865743074,646.0,0.9726224480363044,0,False,7.7439957975701e-07
discovery,702,181144,DAN_MBON_control0,6.175265599044595,0.0035795589852583485,0.0,0.020833333333333332,0.10890467199697101,642.0,0.9756401402101755,1,False,1.9488162694699142e-07
discovery,702,181144,DAN_MBON_control1,6.249822331412542,0.003545687414540432,0.0,0.0,0.10428558690200992,643.0,0.9752934744986398,0,False,1.8852280724846797e-07
discovery,702,181144,DAN_MBON_control2,6.812897415992659,0.0036891792819658633,0.0,0.0,0.10348176587763007,643.0,0.9740888675737976,0,False,2.0145110515009705e-07
discovery,702,181144,KC_APL,6.343340546836935,0.003858800033737772,0.0,0.0,0.18839498427485876,646.0,0.9917425132042077,0,False,3.252276521217501e-08
discovery,702,181144,KC_APL_control0,6.396516978465494,0.0038595122479385163,0.0,0.0,0.1797812076933746,645.9835,0.9909118278016297,0,False,3.453369957275941e-08
discovery,702,181144,KC_APL_control1,6.463906781115116,0.0038799802598424725,0.0,0.0,0.18233284664765273,646.0,0.9911558105123605,0,False,4.595837687990114e-08
discovery,702,181144,KC_APL_control2,6.372525819671419,0.0038744038684896467,0.0,0.0,0.17849549562569691,646.0,0.9907641664215351,0,False,3.1990649516531996e-08
discovery,702,181144,APL_KC,6.3409626230043,0.0038557116311256404,0.0,0.0,0.1756788975480985,324.8765,0.9904936243368302,0,False,2.5668207831024357e-08
discovery,702,181144,APL_KC_control0,6.262895700649001,0.0038232242738971307,0.0,0.0,0.16415101706445137,311.8865,0.98910090452065,0,False,1.2378854933016507e-08
discovery,702,181144,APL_KC_control1,6.264219131607887,0.003823999038723793,0.0,0.0,0.16282754211780406,311.8865,0.988916730812708,0,False,8.17548972989367e-09
discovery,702,181144,APL_KC_control2,6.262827514268052,0.003822241987766342,0.0,0.0,0.1637581973518915,312.8865,0.989058128438,0,False,1.0897096177803808e-08
confirmation,701,191142,intact,6.3281781639771255,0.003897002130882609,0.0,0.0,0.12023977223851338,648.0,0.9743957810792931,0,False,6.247175971691231e-07
confirmation,701,191142,KC_MBON,4.057810735212072,0.0005793164586634779,0.0,0.0,0.01515934901787639,648.0,0.958374341198758,0,False,1.2004835347637257e-06
confirmation,701,191142,KC_MBON_control0,5.979941682990368,0.003157390114931963,0.0,0.0,0.08149705656196508,648.0,0.9568171017378059,0,False,2.208399302421226e-07
confirmation,701,191142,KC_MBON_control1,5.909176940468078,0.0032312210828538157,0.0,0.0,0.08087514986941854,648.0,0.9553880759823206,0,False,2.1682991299804586e-07
confirmation,701,191142,KC_MBON_control2,5.978512282960596,0.003280872376584755,0.0,0.0,0.08051060262449561,647.996,0.9541900209855314,0,False,2.1292742927817717e-07
confirmation,701,191142,DAN_KC,6.307913516190548,0.003893345914938496,0.0,0.0,0.11970798688760763,648.0,0.9741637628018639,0,False,6.210017121777686e-07
confirmation,701,191142,DAN_KC_control0,6.406124455051958,0.0037737551566546916,0.0,0.0,0.11702171600844279,645.0,0.9753835770442675,0,False,6.255522977790437e-07
confirmation,701,191142,DAN_KC_control1,6.2498619370706985,0.0038030082711622455,0.0,0.0,0.1185115898423596,645.0,0.9743904937510307,0,False,6.315499193793435e-07
confirmation,701,191142,DAN_KC_control2,6.251778423396996,0.0038751239949993497,0.0,0.020833333333333332,0.11988946570714856,644.0,0.97422703831423,1,False,6.23478041963584e-07
confirmation,701,191142,DAN_MBON,5.221942798957155,0.0036350623525501636,0.0,0.0,0.11147541304556274,648.0,0.9708478231967582,0,False,6.522397806996185e-07
confirmation,701,191142,DAN_MBON_control0,6.464699417380143,0.0036862147201454066,0.0,0.0,0.1110777135088596,645.9995,0.9738196289788159,0,False,1.6777008402972896e-07
confirmation,701,191142,DAN_MBON_control1,6.33998870273756,0.003831959656270071,0.0,0.0,0.11976986232247615,646.0,0.9756909807424247,0,False,2.5280132816154225e-07
confirmation,701,191142,DAN_MBON_control2,6.401157243952682,0.003839620690655096,0.0,0.0,0.12127236160941422,646.0,0.975039960262302,0,False,2.5184971945406875e-07
confirmation,701,191142,KC_APL,6.204532021475686,0.0038404832432936097,0.0,0.0,0.196186389107327,648.0,0.9903727063990931,0,False,1.5696760772360461e-07
confirmation,701,191142,KC_APL_control0,6.320441617127893,0.003868571733105892,0.0,0.0,0.19212027600469944,648.0,0.989968298293274,0,False,1.7025427348929247e-07
confirmation,701,191142,KC_APL_control1,6.379441010484022,0.0038741983853102725,0.0,0.0,0.18537815795006815,648.0,0.9891850387037953,0,False,1.5085190599335705e-07
confirmation,701,191142,KC_APL_control2,6.460126021340346,0.0038730342594732897,0.0,0.0,0.1911489550499023,648.0,0.9898809465375208,0,False,1.6891874573471014e-07
confirmation,701,191142,APL_KC,6.198045373860003,0.0038435271579336573,0.0,0.0,0.18409999467608124,329.401,0.9890965041647121,0,False,1.3931694685034015e-07
confirmation,701,191142,APL_KC_control0,6.085570293921962,0.0038479606773778366,0.0,0.0,0.17171108035927182,310.417,0.9875572177749946,0,False,9.817557172585849e-08
confirmation,701,191142,APL_KC_control1,6.048501163477014,0.0038293556254880242,0.0,0.0,0.16918676009665243,309.426,0.9871726459270694,0,False,8.862557106108507e-08
confirmation,701,191142,APL_KC_control2,6.116806688661876,0.003857867640848217,0.0,0.0,0.16994489711622332,309.407,0.9872533364849904,0,False,9.588766097851725e-08
confirmation,702,191142,intact,6.764736072297761,0.0027040964045991797,0.0,0.0,0.10094395133691367,646.0,0.9836714494230564,0,False,7.687492724605735e-07
confirmation,702,191142,KC_MBON,3.567543861470561,0.0004576960963835965,0.0,1.0416666666666666e-05,0.014185191889572799,645.9995,0.9585437720991485,0,False,1.2817428088306543e-06
confirmation,702,191142,KC_MBON_control0,6.421249058114352,0.002270589333182751,0.0,0.0,0.06400182187975408,645.9995,0.969102021577146,0,False,1.176347072272752e-07
confirmation,702,191142,KC_MBON_control1,6.447262283579276,0.0023017268524767936,0.0,0.0,0.06362349866272997,646.0,0.9685044168505033,0,False,1.163756987434152e-07
confirmation,702,191142,KC_MBON_control2,6.42760964468089,0.0022594328700054006,0.0,1.0416666666666666e-05,0.06423318932954354,645.999,0.9696585358708698,0,False,1.1868898519874201e-07
confirmation,702,191142,DAN_KC,6.760510780690191,0.002703187548354285,0.0,0.0,0.10095641538881557,646.0,0.9836793625789778,0,False,7.872572705392115e-07
confirmation,702,191142,DAN_KC_control0,6.786192684190314,0.0026257190702025264,0.0,0.0,0.09855677017091627,645.0,0.9837637608623406,0,False,7.673389121874187e-07
confirmation,702,191142,DAN_KC_control1,6.76763643535651,0.0027175198164623247,0.0,0.0,0.10077064068959844,644.0,0.9835681410013289,0,False,7.630329083480614e-07
confirmation,702,191142,DAN_KC_control2,6.786541351491983,0.002673311671197031,0.0,0.0,0.09987764931474871,644.0,0.983373506006777,0,False,7.634873240380773e-07
confirmation,702,191142,DAN_MBON,5.4809231370739555,0.0024912868041939017,0.0,0.0,0.09761966107502461,646.0,0.9834448114292873,0,False,7.993521108157605e-07
confirmation,702,191142,DAN_MBON_control0,7.027521107416079,0.0022263730176077688,0.0,0.0,0.09252680402530311,642.999,0.9876658503057297,0,False,1.924823280823306e-07
confirmation,702,191142,DAN_MBON_control1,6.250192894429196,0.0024311724851213854,0.0,0.020833333333333332,0.09400379123884371,643.9985,0.9835701784236387,1,False,2.204160053929959e-07
confirmation,702,191142,DAN_MBON_control2,6.730196850728741,0.002695071387253754,0.0,0.0,0.09797495204115589,643.0,0.9819243992110203,0,False,1.71773149831665e-07
confirmation,702,191142,KC_APL,6.622428803952871,0.0026805577943658106,0.0,0.0,0.17571444582364912,646.0,0.9947068900839549,0,False,3.5640764312529706e-08
confirmation,702,191142,KC_APL_control0,6.658211404173345,0.0026771093491825145,0.0,0.0,0.16537590121358756,646.0,0.994022130879476,0,False,2.827377442333602e-08
confirmation,702,191142,KC_APL_control1,6.713325507704992,0.0026768910361240797,0.0,1.0416666666666666e-05,0.16942980876927294,645.999,0.9942979541195099,0,False,4.140807734289681e-08
confirmation,702,191142,KC_APL_control2,6.790303693950421,0.002746447398159942,0.0,0.0,0.1641402126174457,646.0,0.9939320390364014,0,False,1.6689509627047934e-08
confirmation,702,191142,APL_KC,6.631345081372087,0.0026847625659803948,0.0,0.0,0.16278028908478398,323.3675,0.9937977010253863,0,False,2.5121319554353702e-08
confirmation,702,191142,APL_KC_control0,6.471887129286821,0.002671589878704514,0.0,0.0,0.1521920112491882,314.4385,0.9929526058508181,0,False,1.0812978458180207e-08
confirmation,702,191142,APL_KC_control1,6.473536726640162,0.0026712236168498077,0.0,0.0,0.1529378985587484,313.4385,0.9930258505055636,0,False,1.247274519721005e-08
confirmation,702,191142,APL_KC_control2,6.511068795633046,0.00269230777936294,0.0,0.0,0.15258073128891236,312.4225,0.993006436674989,0,False,8.532716669190586e-09
confirmation,701,191143,intact,6.391597083246345,0.004975009869137542,0.0,0.0,0.11485423438224211,648.0,0.9652975722495468,0,False,5.436233495878094e-07
confirmation,701,191143,KC_MBON,4.061656755047082,0.0006503228616307901,0.0,1.0416666666666666e-05,0.01800528101643965,647.9995,0.9700004259099483,0,False,7.928714909063598e-07
confirmation,701,191143,KC_MBON_control0,6.121776536236288,0.0037277275290104107,0.0,0.0,0.07087370046378706,648.0,0.93563460865045,0,False,9.372356476554355e-08
confirmation,701,191143,KC_MBON_control1,6.18637237664554,0.0037706781807135565,0.0,0.0,0.06964033335002026,648.0,0.9328031809625715,0,False,9.524683929517336e-08
confirmation,701,191143,KC_MBON_control2,6.0928827750784755,0.0037438581164547283,0.0,1.0416666666666666e-05,0.07064479881476982,647.9995,0.9334241381261019,0,False,9.144952126620868e-08
confirmation,701,191143,DAN_KC,6.377054349645944,0.0049652344190626,0.0,0.0,0.11454918466363535,648.0,0.9650676097775632,0,False,5.570761089314358e-07
confirmation,701,191143,DAN_KC_control0,6.379133886449224,0.004971945764991299,0.0,0.0,0.11475030771028018,644.0,0.9651948241569345,0,False,5.389654425754203e-07
confirmation,701,191143,DAN_KC_control1,6.403347076786942,0.0048501308612829575,0.0,0.0,0.11284508844851217,646.0,0.9649108212422427,0,False,5.380092284438142e-07
confirmation,701,191143,DAN_KC_control2,6.424903648365771,0.00479337374886703,0.0,0.0,0.10988549194599151,646.0,0.9657831629680548,0,False,5.535850620564196e-07
confirmation,701,191143,DAN_MBON,5.251926222347974,0.004666091782979844,0.0,0.0,0.10670249288596895,647.9995,0.9603560991210668,0,False,5.973288265524667e-07
confirmation,701,191143,DAN_MBON_control0,6.45239949574331,0.004658179125469645,0.0,1.0416666666666666e-05,0.11326686914965428,645.9995,0.9677908030791436,0,False,1.2121305421875033e-07
confirmation,701,191143,DAN_MBON_control1,6.448397572142144,0.004547030690682122,0.0,0.0,0.1137951270094168,646.0,0.9726349155405526,0,False,1.3239942805542932e-07
confirmation,701,191143,DAN_MBON_control2,6.385241748714152,0.004659184495670026,0.0,0.020833333333333332,0.10989640959855973,645.0,0.9641715664147416,1,False,1.4255874832085977e-07
confirmation,701,191143,KC_APL,6.243041410367756,0.004933540012791101,0.0,0.0,0.1905094409576174,647.9995,0.9878518161033407,0,False,3.247513640009291e-08
confirmation,701,191143,KC_APL_control0,6.325797811923917,0.004926542730138944,0.0,0.0,0.17916983204336917,648.0,0.9862204795824099,0,False,1.6747264002528343e-08
confirmation,701,191143,KC_APL_control1,6.296445388406596,0.004936478503372809,0.0,0.0,0.18237414724912793,648.0,0.9866845466053689,0,False,2.7983150126179657e-08
confirmation,701,191143,KC_APL_control2,6.2482912799594015,0.004936133169677195,0.0,0.0,0.18196206927950423,648.0,0.9866447036228913,0,False,3.272192961350174e-08
confirmation,701,191143,APL_KC,6.231863856271133,0.004929144512800372,0.0,0.0,0.17824393700323612,335.7275,0.9860754794287484,0,False,2.02640592387455e-08
confirmation,701,191143,APL_KC_control0,6.075542111096976,0.004896594467091803,0.0,0.0,0.1632736045138079,314.734,0.9833551426496193,0,False,6.841002066716556e-08
confirmation,701,191143,APL_KC_control1,6.0608863106823705,0.004888377066096614,0.0,0.0,0.1644041307015342,314.734,0.9836539583125573,0,False,6.818214737809798e-08
confirmation,701,191143,APL_KC_control2,6.087304166504804,0.004905863056968051,0.0,0.0,0.16377912239653675,314.7305,0.9834655674939676,0,False,7.124846207014656e-08
confirmation,702,191143,intact,6.670938828033907,0.0034973357552552666,0.0,0.0,0.123350464735312,646.0,0.9831274937692852,0,False,6.17021360533274e-07
confirmation,702,191143,KC_MBON,3.1965038530344967,0.0006228136933683344,0.0,0.0,0.020329852266125138,646.0,0.9525317517275685,0,False,1.328647770288879e-06
confirmation,702,191143,KC_MBON_control0,6.196488554904734,0.003210998373877664,0.0,0.0,0.08018657119777649,645.9995,0.9591390222220375,0,False,9.813291967691662e-08
confirmation,702,191143,KC_MBON_control1,6.180736893857507,0.0032484313246204134,0.0,0.0,0.08028619546219817,646.0,0.958525656356617,0,False,9.328618813638694e-08
confirmation,702,191143,KC_MBON_control2,6.246908285936806,0.0032786220788381254,0.0,0.0,0.080826583108997,646.0,0.9586849792300316,0,False,9.467669503851533e-08
confirmation,702,191143,DAN_KC,6.686450007481998,0.0034949702673005255,0.0,0.0,0.12337005724197582,645.9995,0.9831173663953384,0,False,6.354915900303328e-07
confirmation,702,191143,DAN_KC_control0,6.548125923188215,0.0031184107549819206,0.0,0.0,0.12172557468486742,644.0,0.9855665967604981,0,False,6.026177273523136e-07
confirmation,702,191143,DAN_KC_control1,6.728332139740255,0.003330451548069664,0.0,0.0,0.12135368594746569,643.9995,0.9842028972606011,0,False,6.141288952913612e-07
confirmation,702,191143,DAN_KC_control2,6.6814352682906,0.0034511810368827098,0.0,0.0,0.12248837721984543,644.0,0.9831562585409295,0,False,6.100730048421466e-07
confirmation,702,191143,DAN_MBON,5.177780070241449,0.003161589426980051,0.0,0.0,0.11700638314575904,646.0,0.9830015715242575,0,False,6.542680923677036e-07
confirmation,702,191143,DAN_MBON_control0,6.691444757706989,0.0034147814312222393,0.0,0.020833333333333332,0.12363508907209537,642.0,0.9834792585987419,1,False,1.5985610119811542e-07
confirmation,702,191143,DAN_MBON_control1,6.294166093173843,0.0032396376542886234,0.0,0.0,0.12018716796078477,642.0,0.9828695814854511,0,False,1.2722735390812813e-07
confirmation,702,191143,DAN_MBON_control2,6.501091174985267,0.0033196999696107356,0.0,0.0,0.12113095579357212,643.0,0.981993602506921,0,False,1.1757913852989511e-07
confirmation,702,191143,KC_APL,6.525431060209577,0.003486450638268799,0.0,0.0,0.19502831843943608,646.0,0.993496479130233,0,False,3.6376771651261615e-08
confirmation,702,191143,KC_APL_control0,6.673464710163654,0.0035088525412506704,0.0,0.0,0.18217699199933812,646.0,0.9924926824289761,0,False,1.5759930326437225e-08
confirmation,702,191143,KC_APL_control1,6.626970895387246,0.0034622373413480765,0.0,0.0,0.18599033936011475,646.0,0.9927985707477208,0,False,3.750766209051832e-08
confirmation,702,191143,KC_APL_control2,6.671778961345268,0.0034840587626714333,0.0,0.0,0.18999995844970705,645.9995,0.9931209502024062,0,False,4.24407576650256e-08
confirmation,702,191143,APL_KC,6.5225787438744955,0.0034808089137381634,0.0,0.0,0.18238795056157653,326.7315,0.9925316150884546,0,False,2.742436450048025e-08
confirmation,702,191143,APL_KC_control0,6.372808335854804,0.0034659388444751114,0.0,0.0,0.17395900409139803,312.741,0.9917543260689344,0,False,1.3107229997499256e-08
confirmation,702,191143,APL_KC_control1,6.374452171432626,0.0034659221829747536,0.0,0.0,0.1732816653630551,312.741,0.9916862693894948,0,False,1.2861699187845557e-08
confirmation,702,191143,APL_KC_control2,6.375119707093702,0.0034708255714229123,0.0,0.0,0.17486834178239105,312.741,0.9918298890561809,0,False,1.3876876895126291e-08
confirmation,701,191144,intact,6.475870596003182,0.00385974300306801,0.0,0.0,0.11584118114184816,648.0,0.9784626427393366,0,False,6.011973828970947e-07
confirmation,701,191144,KC_MBON,4.024724215310726,0.0007418391140833705,0.0,0.0,0.01611617112242045,648.0,0.9445691222162815,0,False,6.360029860596322e-07
confirmation,701,191144,KC_MBON_control0,6.142507118879288,0.002761270914699496,0.0,0.0,0.0678485454004923,648.0,0.9605126986471814,0,False,1.1079850704985327e-07
confirmation,701,191144,KC_MBON_control1,6.090445177558355,0.002915938912103877,0.0,0.0,0.06908050170819112,648.0,0.9591085873377865,0,False,1.1455860651670827e-07
confirmation,701,191144,KC_MBON_control2,5.951736840783267,0.0029379980836856563,0.0,1.0416666666666666e-05,0.06914371489230124,647.9995,0.9585499073311182,0,False,1.0914708585255266e-07
confirmation,701,191144,DAN_KC,6.462601125009842,0.0038532461223060956,0.0,0.0,0.11555082243544917,648.0,0.9783591673510273,0,False,6.17136432499975e-07
confirmation,701,191144,DAN_KC_control0,6.4736169928321265,0.0037664845946625432,0.0,0.0,0.11137846422091881,646.0,0.9774865605467352,0,False,6.257938480424751e-07
confirmation,701,191144,DAN_KC_control1,6.261715265923383,0.0037220675810191047,0.0,0.0,0.11454159782571828,646.0,0.9788868379890504,0,False,5.995866737782368e-07
confirmation,701,191144,DAN_KC_control2,6.484979958749662,0.003856562940581667,0.0,0.0,0.1145168612410673,645.0,0.9778589083839877,0,False,6.046696215228896e-07
confirmation,701,191144,DAN_MBON,4.870490003316823,0.0035407306253287542,0.0,0.0,0.11097396716110607,648.0,0.9774868251973795,0,False,6.55898804244473e-07
confirmation,701,191144,DAN_MBON_control0,6.51337705540631,0.0037174108426544735,0.0,0.020833333333333332,0.11178334776478976,644.0,0.9772892232921662,1,False,1.3795766437797124e-07
confirmation,701,191144,DAN_MBON_control1,6.483090287071361,0.0036755755352358885,0.0,0.0,0.10914075936287693,645.0,0.9770969708529273,0,False,1.8225098451917545e-07
confirmation,701,191144,DAN_MBON_control2,6.474688694735005,0.003599691598911773,0.0,0.020833333333333332,0.10799303355333234,646.0,0.9768295488694919,1,False,1.3561639698935994e-07
confirmation,701,191144,KC_APL,6.389566931281075,0.003829028520509037,0.0,0.0,0.19147879334439158,648.0,0.9922549341278621,0,False,3.748748573041769e-08
confirmation,701,191144,KC_APL_control0,6.373978681954409,0.0038231239385814117,0.0,0.0,0.17982989430671242,648.0,0.9911804787604113,0,False,2.7704681826882308e-08
confirmation,701,191144,KC_APL_control1,6.448205575610671,0.00386675848671842,0.0,0.0,0.1844366977840693,647.9995,0.9916481389136297,0,False,4.516146987841466e-08
confirmation,701,191144,KC_APL_control2,6.39103461986186,0.003833787737125285,0.0,0.0,0.18478632281707583,648.0,0.9916732055973682,0,False,4.539371357758608e-08
confirmation,701,191144,APL_KC,6.344291085683461,0.003827532470546934,0.0,0.0,0.1796703563782094,342.5945,0.9911951139508866,0,False,2.2094361780994657e-08
confirmation,701,191144,APL_KC_control0,6.239605873724375,0.0038138603443278636,0.0,0.0,0.16732226373976986,323.6135,0.9898262673835072,0,False,5.6500630051907534e-08
confirmation,701,191144,APL_KC_control1,6.247067415326964,0.003815111087689744,0.0,0.0,0.1679002086771955,321.6105,0.989916340047445,0,False,6.272409072077272e-08
confirmation,701,191144,APL_KC_control2,6.242339008862061,0.0038208022438949774,0.0,0.0,0.16680209404436677,324.6105,0.989769501621592,0,False,6.1307725338339e-08
confirmation,702,191144,intact,6.530085635558411,0.003839446242592416,0.0,0.0,0.11889945869923209,646.0,0.9822056910977717,0,False,6.114398810426942e-07
confirmation,702,191144,KC_MBON,3.704581866948199,0.0004836410386892331,0.0,0.0,0.015749874967767974,646.0,0.9703709599815136,0,False,1.0278302168299617e-06
confirmation,702,191144,KC_MBON_control0,6.234102502260064,0.0029676356761204957,0.0,0.0,0.07056366498157801,646.0,0.9619853069034241,0,False,1.209212532730205e-07
confirmation,702,191144,KC_MBON_control1,6.246457203696858,0.0029884826205321545,0.0,0.0,0.07173384223108563,646.0,0.9631969960859162,0,False,1.242196667720638e-07
confirmation,702,191144,KC_MBON_control2,6.289488748215883,0.003103491131316668,0.0,0.0,0.07248371274712707,646.0,0.962575659469745,0,False,1.1975656619351245e-07
confirmation,702,191144,DAN_KC,6.5275720631318155,0.0038350740857157257,0.0,0.0,0.11828653406566894,646.0,0.9820029302228017,0,False,6.324056175403238e-07
confirmation,702,191144,DAN_KC_control0,6.465481949847259,0.0038094099876937047,0.0,0.0,0.11815014398162513,644.0,0.9821716798526993,0,False,6.061179672191668e-07
confirmation,702,191144,DAN_KC_control1,6.43505099430082,0.003816836752270207,0.0,0.0,0.11854922203254455,644.0,0.9821386206061016,0,False,6.092698512516833e-07
confirmation,702,191144,DAN_KC_control2,6.543897494449261,0.0038209838457705495,0.0,0.0,0.11888530082998464,644.0,0.9824284290495989,0,False,6.041728453296068e-07
confirmation,702,191144,DAN_MBON,5.285801162202414,0.0035987724948087474,0.0,0.0,0.11160816605057149,646.0,0.9804956644816708,0,False,6.6644358790278e-07
confirmation,702,191144,DAN_MBON_control0,6.21723126496382,0.003748712454536699,0.0,0.020833333333333332,0.11668985978801259,643.0,0.9810095484412034,1,False,1.4045473146191076e-07
confirmation,702,191144,DAN_MBON_control1,6.5414190440619375,0.0037822875876175866,0.0,0.020833333333333332,0.11968437252012824,643.0,0.982746517548708,1,False,1.6196681611222253e-07
confirmation,702,191144,DAN_MBON_control2,6.44910027899897,0.0034422420392752444,0.0,0.0,0.11690958115056117,644.0,0.9846834999959632,0,False,1.549316359608747e-07
confirmation,702,191144,KC_APL,6.497509620677912,0.003794048429392452,0.0,0.0,0.19619859464981648,646.0,0.9935571260073985,0,False,3.143202529400232e-08
confirmation,702,191144,KC_APL_control0,6.496324002365838,0.0037858884061063663,0.0,0.0,0.19077949810597986,646.0,0.9931705157754159,0,False,4.465603637477435e-08
confirmation,702,191144,KC_APL_control1,6.5742138305305895,0.0037944854634541923,0.0,0.0,0.18737626111752614,646.0,0.9929380236389984,0,False,3.976585091282095e-08
confirmation,702,191144,KC_APL_control2,6.567619403127688,0.0038069083832333608,0.0,0.0,0.18747069691826296,646.0,0.9929125369296254,0,False,4.290666658824407e-08
confirmation,702,191144,APL_KC,6.46282188452698,0.003795954087475259,0.0,0.0,0.18411503142728886,326.5975,0.9926678765647228,0,False,3.299370451226034e-08
confirmation,702,191144,APL_KC_control0,6.365843589097448,0.0037646242251775605,0.0,0.0,0.17313125636021606,310.6125,0.9917359637601112,0,False,1.7171624439754915e-08
confirmation,702,191144,APL_KC_control1,6.366135839530864,0.0037669031346471656,0.0,0.0,0.17254738069957823,312.612,0.9916657464412241,0,False,1.570028861448852e-08
confirmation,702,191144,APL_KC_control2,6.36602570592114,0.003743756832026966,0.0,0.0,0.17378380537850224,314.6115,0.9918069599614614,0,False,2.0744877678394586e-08
