cohort,seed,mode,family,intact,target,control,impairment,excess_impairment
discovery,181142,refit,KC_MBON,0.7769999999999999,0.7144166666666667,0.7655555555555557,0.06258333333333321,0.051138888888888956
discovery,181143,refit,KC_MBON,0.7681666666666667,0.709,0.7647222222222222,0.0591666666666667,0.05572222222222223
discovery,181144,refit,KC_MBON,0.7806666666666666,0.7108333333333333,0.7686944444444445,0.0698333333333333,0.05786111111111114
discovery,181142,refit,DAN_KC,0.7769999999999999,0.77675,0.7749722222222223,0.00024999999999986144,-0.001777777777777767
discovery,181143,refit,DAN_KC,0.7681666666666667,0.7693333333333334,0.7648888888888888,-0.0011666666666667602,-0.004444444444444584
discovery,181144,refit,DAN_KC,0.7806666666666666,0.7785,0.7797777777777778,0.00216666666666665,0.001277777777777822
discovery,181142,refit,DAN_MBON,0.7769999999999999,0.69675,0.7729722222222222,0.08024999999999993,0.07622222222222219
discovery,181143,refit,DAN_MBON,0.7681666666666667,0.6998333333333333,0.7741111111111111,0.06833333333333336,0.07427777777777778
discovery,181144,refit,DAN_MBON,0.7806666666666666,0.7080833333333334,0.7775,0.07258333333333322,0.06941666666666657
discovery,181142,refit,KC_APL,0.7769999999999999,0.7544166666666667,0.7555,0.022583333333333178,0.001083333333333214
discovery,181143,refit,KC_APL,0.7681666666666667,0.7499166666666666,0.7542777777777777,0.0182500000000001,0.004361111111111149
discovery,181144,refit,KC_APL,0.7806666666666666,0.7535,0.7548055555555555,0.027166666666666672,0.0013055555555555598
discovery,181142,refit,APL_KC,0.7769999999999999,0.7525833333333334,0.7450000000000001,0.02441666666666653,-0.007583333333333275
discovery,181143,refit,APL_KC,0.7681666666666667,0.75275,0.744361111111111,0.015416666666666634,-0.008388888888889001
discovery,181144,refit,APL_KC,0.7806666666666666,0.7531666666666665,0.7531388888888889,0.02750000000000008,-2.777777777762669e-05
discovery,181142,frozen,KC_MBON,0.7769999999999999,0.26158333333333333,0.2511111111111111,0.5154166666666666,-0.010472222222222216
discovery,181143,frozen,KC_MBON,0.7681666666666667,0.24916666666666665,0.24616666666666664,0.519,-0.0030000000000000027
discovery,181144,frozen,KC_MBON,0.7806666666666666,0.25266666666666665,0.24469444444444444,0.528,-0.007972222222222214
discovery,181142,frozen,DAN_KC,0.7769999999999999,0.7158333333333333,0.4069444444444444,0.06116666666666659,-0.30888888888888894
discovery,181143,frozen,DAN_KC,0.7681666666666667,0.7144999999999999,0.41641666666666666,0.05366666666666675,-0.29808333333333326
discovery,181144,frozen,DAN_KC,0.7806666666666666,0.7573333333333332,0.41738888888888886,0.023333333333333428,-0.3399444444444443
discovery,181142,frozen,DAN_MBON,0.7769999999999999,0.279,0.29544444444444445,0.4979999999999999,0.016444444444444428
discovery,181143,frozen,DAN_MBON,0.7681666666666667,0.26233333333333336,0.29438888888888887,0.5058333333333334,0.032055555555555504
discovery,181144,frozen,DAN_MBON,0.7806666666666666,0.27608333333333335,0.28058333333333335,0.5045833333333333,0.004500000000000004
discovery,181142,frozen,KC_APL,0.7769999999999999,0.26225,0.2604166666666667,0.5147499999999999,-0.001833333333333298
discovery,181143,frozen,KC_APL,0.7681666666666667,0.24908333333333335,0.24908333333333335,0.5190833333333333,0.0
discovery,181144,frozen,KC_APL,0.7806666666666666,0.2518333333333333,0.2530833333333333,0.5288333333333333,0.0012500000000000289
discovery,181142,frozen,APL_KC,0.7769999999999999,0.2543333333333333,0.2636388888888889,0.5226666666666666,0.009305555555555622
discovery,181143,frozen,APL_KC,0.7681666666666667,0.2506666666666667,0.26166666666666666,0.5175,0.010999999999999954
discovery,181144,frozen,APL_KC,0.7806666666666666,0.28491666666666665,0.25075,0.49574999999999997,-0.03416666666666668
confirmation,191142,refit,KC_MBON,0.7777499999999999,0.7090000000000001,0.762888888888889,0.06874999999999987,0.053888888888888875
confirmation,191143,refit,KC_MBON,0.7598333333333334,0.7095,0.7579722222222222,0.05033333333333334,0.04847222222222214
confirmation,191144,refit,KC_MBON,0.77125,0.6936666666666667,0.7625555555555555,0.07758333333333334,0.06888888888888889
confirmation,191142,refit,DAN_KC,0.7777499999999999,0.77725,0.7763888888888889,0.0004999999999999449,-0.0008611111111110903
confirmation,191143,refit,DAN_KC,0.7598333333333334,0.7603333333333333,0.7632222222222222,-0.0004999999999999449,0.002888888888888941
confirmation,191144,refit,DAN_KC,0.77125,0.7714166666666666,0.7685833333333334,-0.0001666666666666483,-0.0028333333333332433
confirmation,191142,refit,DAN_MBON,0.7777499999999999,0.6946666666666667,0.7769722222222223,0.08308333333333329,0.08230555555555563
confirmation,191143,refit,DAN_MBON,0.7598333333333334,0.678,0.7608055555555554,0.08183333333333331,0.08280555555555535
confirmation,191144,refit,DAN_MBON,0.77125,0.6848333333333334,0.7693333333333333,0.08641666666666659,0.08449999999999991
confirmation,191142,refit,KC_APL,0.7777499999999999,0.7570833333333333,0.7582777777777778,0.02066666666666661,0.001194444444444498
confirmation,191143,refit,KC_APL,0.7598333333333334,0.7430000000000001,0.7433888888888888,0.016833333333333256,0.000388888888888661
confirmation,191144,refit,KC_APL,0.77125,0.7531666666666665,0.7507777777777779,0.01808333333333345,-0.002388888888888663
confirmation,191142,refit,APL_KC,0.7777499999999999,0.7558333333333334,0.7480277777777777,0.021916666666666584,-0.007805555555555621
confirmation,191143,refit,APL_KC,0.7598333333333334,0.7439166666666667,0.729,0.01591666666666669,-0.01491666666666669
confirmation,191144,refit,APL_KC,0.77125,0.7490833333333333,0.7386111111111111,0.022166666666666668,-0.010472222222222216
confirmation,191142,frozen,KC_MBON,0.7777499999999999,0.2481666666666667,0.23458333333333334,0.5295833333333333,-0.013583333333333364
confirmation,191143,frozen,KC_MBON,0.7598333333333334,0.24916666666666665,0.2609722222222222,0.5106666666666667,0.011805555555555569
confirmation,191144,frozen,KC_MBON,0.77125,0.2689166666666667,0.25286111111111115,0.5023333333333333,-0.016055555555555545
confirmation,191142,frozen,DAN_KC,0.7777499999999999,0.7373333333333334,0.3775555555555556,0.040416666666666545,-0.3597777777777778
confirmation,191143,frozen,DAN_KC,0.7598333333333334,0.7063333333333333,0.4093611111111111,0.0535000000000001,-0.29697222222222214
confirmation,191144,frozen,DAN_KC,0.77125,0.7413333333333334,0.40525000000000005,0.02991666666666659,-0.33608333333333335
confirmation,191142,frozen,DAN_MBON,0.7777499999999999,0.25125,0.2766388888888889,0.5265,0.025388888888888905
confirmation,191143,frozen,DAN_MBON,0.7598333333333334,0.25925,0.3076666666666667,0.5005833333333334,0.04841666666666672
confirmation,191144,frozen,DAN_MBON,0.77125,0.27108333333333334,0.278,0.5001666666666666,0.006916666666666682
confirmation,191142,frozen,KC_APL,0.7777499999999999,0.24716666666666667,0.24802777777777776,0.5305833333333333,0.0008611111111110903
confirmation,191143,frozen,KC_APL,0.7598333333333334,0.2554166666666666,0.25372222222222224,0.5044166666666667,-0.0016944444444443874
confirmation,191144,frozen,KC_APL,0.77125,0.271,0.2775,0.50025,0.006500000000000006
confirmation,191142,frozen,APL_KC,0.7777499999999999,0.28025,0.26205555555555554,0.49749999999999994,-0.018194444444444458
confirmation,191143,frozen,APL_KC,0.7598333333333334,0.2455,0.25830555555555557,0.5143333333333333,0.01280555555555557
confirmation,191144,frozen,APL_KC,0.77125,0.2659166666666667,0.2589722222222222,0.5053333333333333,-0.006944444444444475
