cohort,mode,seed,within_minus_between
discovery,refit,121142,-0.004916666666666791
discovery,refit,121143,-0.006361111111111151
discovery,refit,121144,-0.003666666666666707
discovery,frozen,121142,-0.026999999999999996
discovery,frozen,121143,-0.04113888888888889
discovery,frozen,121144,-0.06811111111111112
confirmation,refit,131142,-0.002555555555555644
confirmation,refit,131143,-0.007916666666666572
confirmation,refit,131144,-0.0021944444444442768
confirmation,frozen,131142,-0.04177777777777775
confirmation,frozen,131143,-0.0595
confirmation,frozen,131144,-0.041083333333333305
