seed,test_accuracy,train_accuracy,frequency_accuracy,null_accuracy,frequency_excess,null_excess,r2_vs_frequency,training_mse,test_mse,contrast
34142,-0.020916666666666806,-0.017458333333333353,0.0,0.001333333333333353,-0.020916666666666694,-0.02224999999999988,-0.023524499549787414,0.004379897980321179,0.004412617269841615,renormalized_minus_fixed
34143,-0.009583333333333388,-0.007583333333333497,0.0,-0.0007500000000000007,-0.009583333333333388,-0.008833333333333249,-0.009885063386094961,0.001901828462696889,0.0018553256080983127,renormalized_minus_fixed
34144,-0.005416666666666625,-0.006250000000000089,0.0,0.002333333333333326,-0.005416666666666736,-0.007749999999999924,-0.010407183780339335,0.0018656469496111244,0.0019540101931088127,renormalized_minus_fixed
34145,-0.011166666666666658,-0.007583333333333275,0.0,0.002083333333333326,-0.011166666666666769,-0.013249999999999984,-0.010629612080885198,0.0019345734010309673,0.0019943635800332427,renormalized_minus_fixed
34146,-0.015166666666666773,-0.016666666666666607,0.0,-0.004333333333333411,-0.01516666666666655,-0.010833333333333306,-0.02034082692832262,0.0037077407971329857,0.003813976791903498,renormalized_minus_fixed
34142,-0.0060833333333332185,-0.006458333333333344,0.0,8.333333333332416e-05,-0.0060833333333333295,-0.006166666666666654,-0.016991566608740793,0.003223219305647576,0.0031871835733190135,real_minus_renormalized
34143,-0.021499999999999964,-0.019833333333333147,0.0,-0.004583333333333328,-0.021499999999999964,-0.01691666666666669,-0.03705970912990342,0.006760359119282022,0.006955732363646591,real_minus_renormalized
34144,-0.02341666666666664,-0.024791666666666545,0.0,0.0012500000000000011,-0.02341666666666664,-0.024666666666666726,-0.04287202374807919,0.007839208259176583,0.008049563727145576,real_minus_renormalized
34145,-0.016999999999999904,-0.022499999999999964,0.0,0.0032500000000000306,-0.016999999999999904,-0.02024999999999999,-0.03434665407857895,0.006511740401551863,0.006444400216797236,real_minus_renormalized
34146,-0.009416666666666629,-0.008208333333333373,0.0,-0.0016666666666665941,-0.00941666666666674,-0.007750000000000035,-0.01708922477786956,0.002991411944447936,0.0032042804954781484,real_minus_renormalized
34142,-0.027000000000000024,-0.023916666666666697,0.0,0.0014166666666666772,-0.027000000000000024,-0.028416666666666535,-0.04051606615852821,0.007603117285968755,0.007599800843160628,real_minus_fixed
34143,-0.03108333333333335,-0.027416666666666645,0.0,-0.005333333333333329,-0.03108333333333335,-0.02574999999999994,-0.04694477251599838,0.008662187581978911,0.008811057971744904,real_minus_fixed
34144,-0.028833333333333266,-0.031041666666666634,0.0,0.0035833333333333273,-0.028833333333333377,-0.03241666666666665,-0.053279207528418526,0.009704855208787708,0.010003573920254388,real_minus_fixed
34145,-0.028166666666666562,-0.03008333333333324,0.0,0.005333333333333357,-0.028166666666666673,-0.033499999999999974,-0.04497626615946415,0.00844631380258283,0.008438763796830479,real_minus_fixed
34146,-0.0245833333333334,-0.02487499999999998,0.0,-0.006000000000000005,-0.02458333333333329,-0.01858333333333334,-0.03743005170619218,0.0066991527415809216,0.007018257287381646,real_minus_fixed
