cohort,seed,circuit_seed,epoch,variant,plastic_edge_index,positivity_limit,current_magnitude,original_magnitude,current_to_original,direction_component,radius,nominal_radius,relative_radius,boundary_limited,resolution_limited,zero_direction,nominal_fraction
confirmation,251142,701,10,local,406,0.0001864293873595615,2.02905110686338e-06,0.002676977989292088,0.0007579633134749648,-0.010883751406370294,9.321469367978075e-05,0.005617057811123445,0.00016594932225049908,True,True,False,0.016594932225049906
confirmation,251143,701,10,local,85,0.00019328516182331296,2.81385901500652e-06,0.0036000000000000003,0.0007816275041684777,-0.014558070513342056,9.664258091165648e-05,0.005617057811123445,0.00017205196058384058,True,True,False,0.017205196058384057
confirmation,251144,701,10,local,695,0.0002949332590693168,3.841393110922704e-06,0.003661513425549227,0.0010491271407386674,-0.013024618257854326,0.0001474666295346584,0.005617057811123445,0.00026253357984429255,True,True,False,0.026253357984429255
confirmation,251142,702,1,local,1297,0.000664667806603086,4.830747227092673e-05,0.0030570652173913045,0.015801910929512032,-0.07267912149651334,0.000332333903301543,0.005031488796148231,0.0006605080857100496,True,True,False,0.06605080857100495
confirmation,251143,702,10,local,900,0.0002346929819939821,6.930817342825342e-06,0.006756756756756757,0.0010257609667381506,-0.029531421365650633,0.00011734649099699106,0.005031488796148231,0.0002332241921850718,True,True,False,0.023322419218507178
confirmation,251144,702,10,local,96,0.0009083148266657192,9.847449779867581e-05,0.004541631623212783,0.021682625533819545,-0.10841450002545945,0.0004541574133328596,0.005031488796148231,0.000902630278498348,True,True,False,0.09026302784983481
discovery,241142,701,10,local,1,0.0006182220408418172,1.3912355516021502e-05,0.01139240506329114,0.0012211956508507763,-0.02250381674693675,0.0003091110204209086,0.005617057811123445,0.0005503077070148306,True,True,False,0.05503077070148305
discovery,241143,701,10,local,390,0.00015647352992632915,2.2329034659035974e-06,0.002676977989292088,0.0008341134947075439,-0.014270167401188513,7.823676496316458e-05,0.005617057811123445,0.00013928424380506199,True,True,False,0.013928424380506198
discovery,241144,701,10,local,274,0.00021959505199492806,3.225570104036283e-06,0.005382775119617224,0.0005992392459942962,-0.014688719416641426,0.00010979752599746403,0.005617057811123445,0.00019547159685633336,True,True,False,0.019547159685633333
discovery,241142,702,5,local,786,0.000996993950748356,7.728450566818185e-05,0.004812834224598931,0.016058002844388894,-0.07751752717272872,0.000498496975374178,0.005031488796148231,0.0009907544179682834,True,True,False,0.09907544179682834
discovery,241143,702,10,local,368,0.0003106747742568769,1.0915679988184141e-05,0.011421319796954316,0.0009557284256321224,-0.035135392032694196,0.00015533738712843846,0.005031488796148231,0.00030873046412694847,True,True,False,0.030873046412694845
discovery,241144,702,10,local,386,0.0004481164257614984,5.577033204061986e-06,0.011421319796954316,0.0004883002405334272,-0.012445500507116554,0.0002240582128807492,0.005031488796148231,0.00044531195826625524,True,True,False,0.04453119582662553
smoke,241001,701,0,local,152,0.07134394134085734,0.0036000000000000003,0.0036000000000000003,1.0,-0.05045978582540614,0.005617057811123445,0.005617057811123445,0.01,False,False,False,1.0
