cohort,seed,circuit_seed,level,stage,noise_seed,strength,arm,horizon,clean_accuracy,correct_count,accuracy,accuracy_first32,accuracy_tail,target_probability,expected_squared_energy,realized_injected_energy,realized_clipped_energy,standardized_feature_mse,clipping_fraction
confirmation,381144,702,brain5,archived,372001,0.0003,flat,197,0.817258883248731,158,0.8020304568527918,1.0,0.7636363636363637,0.7069039130674534,1.186719322642305e-12,1.205602461579716e-12,1.205602461579707e-12,2.612747601947725e-05,0.0
confirmation,381144,702,brain5,archived,372001,0.0003,training_sd,197,0.817258883248731,161,0.817258883248731,1.0,0.7818181818181819,0.7150859875944265,1.186719322642305e-12,1.116311998952758e-12,1.1163119989527823e-12,2.684091034353002e-08,0.0
confirmation,381144,702,brain5,fresh,408001,0.0003,flat,197,0.817258883248731,159,0.8071065989847716,1.0,0.7696969696969697,0.7097199396295414,1.186719322642305e-12,1.2068445444143566e-12,1.2068445444143522e-12,2.40189926131577e-05,0.0
confirmation,381144,702,brain5,fresh,408001,0.0003,training_sd,197,0.817258883248731,161,0.817258883248731,1.0,0.7818181818181819,0.7150964025324035,1.186719322642305e-12,1.2265715084874282e-12,1.2265715084874031e-12,2.6882715650131157e-08,0.0
confirmation,381144,702,brain5,fresh,408002,0.0003,flat,197,0.817258883248731,158,0.8020304568527918,1.0,0.7636363636363637,0.7080864596608613,1.186719322642305e-12,1.168712352860826e-12,1.1687123528608208e-12,2.3264497635434497e-05,0.0
confirmation,381144,702,brain5,fresh,408002,0.0003,training_sd,197,0.817258883248731,161,0.817258883248731,1.0,0.7818181818181819,0.7150954088718434,1.186719322642305e-12,1.1428858583493e-12,1.1428858583492455e-12,2.6007489544262965e-08,0.0
confirmation,381144,702,brain5,fresh,408003,0.0003,flat,197,0.817258883248731,160,0.8121827411167513,1.0,0.7757575757575758,0.7073906957623136,1.186719322642305e-12,1.1294945590045751e-12,1.1294945590045503e-12,2.332540740087903e-05,0.0
confirmation,381144,702,brain5,fresh,408003,0.0003,training_sd,197,0.817258883248731,161,0.817258883248731,1.0,0.7818181818181819,0.715084369131465,1.186719322642305e-12,1.1637474769256142e-12,1.1637474769256213e-12,2.5104879148652204e-08,0.0
confirmation,381144,702,brain5,archived,372001,0.03,flat,197,0.817258883248731,32,0.16243654822335024,0.40625,0.11515151515151516,0.17767650777758734,1.1867193226423052e-08,1.205602461579716e-08,1.2056024615797155e-08,0.26127476019477214,0.0
confirmation,381144,702,brain5,archived,372001,0.03,training_sd,197,0.817258883248731,158,0.8020304568527918,1.0,0.7636363636363637,0.6994175939759596,1.1867193226423052e-08,1.1163119989527578e-08,1.1163119989527578e-08,0.00026840910343529256,0.0
confirmation,381144,702,brain5,fresh,408001,0.03,flat,197,0.817258883248731,42,0.2131979695431472,0.21875,0.21212121212121213,0.21279376484357929,1.1867193226423052e-08,1.2068445444143566e-08,1.2068445444143566e-08,0.2401899261315768,0.0
confirmation,381144,702,brain5,fresh,408001,0.03,training_sd,197,0.817258883248731,154,0.7817258883248731,1.0,0.7393939393939394,0.6896408960942434,1.1867193226423052e-08,1.2265715084874283e-08,1.2265715084874287e-08,0.00026882715650131665,0.0
confirmation,381144,702,brain5,fresh,408002,0.03,flat,197,0.817258883248731,44,0.2233502538071066,0.28125,0.21212121212121213,0.20502670654251096,1.1867193226423052e-08,1.1687123528608262e-08,1.1687123528608262e-08,0.23264497635434475,0.0
confirmation,381144,702,brain5,fresh,408002,0.03,training_sd,197,0.817258883248731,156,0.7918781725888325,1.0,0.7515151515151515,0.6972121573037704,1.1867193226423052e-08,1.1428858583493001e-08,1.1428858583492998e-08,0.00026007489544262977,0.0
confirmation,381144,702,brain5,fresh,408003,0.03,flat,197,0.817258883248731,42,0.2131979695431472,0.21875,0.21212121212121213,0.1930825101737029,1.1867193226423052e-08,1.1294945590045749e-08,1.1294945590045747e-08,0.2332540740087902,0.0
confirmation,381144,702,brain5,fresh,408003,0.03,training_sd,197,0.817258883248731,154,0.7817258883248731,0.96875,0.7454545454545455,0.6939710382012686,1.1867193226423052e-08,1.163747476925614e-08,1.1637474769256143e-08,0.0002510487914865133,0.0
confirmation,381144,702,brain5,archived,372001,0.3,flat,197,0.817258883248731,17,0.08629441624365482,0.09375,0.08484848484848485,0.09379401440434322,1.186719322642305e-06,1.2056024615797158e-06,1.2056024615797156e-06,26.127476019477218,0.0
confirmation,381144,702,brain5,archived,372001,0.3,training_sd,197,0.817258883248731,91,0.4619289340101523,0.625,0.4303030303030303,0.4301993078777184,1.186719322642305e-06,1.1163119989527578e-06,1.1163119989527576e-06,0.026840910343529246,0.0
confirmation,381144,702,brain5,fresh,408001,0.3,flat,197,0.817258883248731,22,0.1116751269035533,0.125,0.10909090909090909,0.11785189192984218,1.186719322642305e-06,1.2068445444143567e-06,1.2068445444143567e-06,24.018992613157682,0.0
confirmation,381144,702,brain5,fresh,408001,0.3,training_sd,197,0.817258883248731,100,0.5076142131979695,0.78125,0.45454545454545453,0.4683915267048337,1.186719322642305e-06,1.2265715084874285e-06,1.2265715084874283e-06,0.026882715650131662,0.0
confirmation,381144,702,brain5,fresh,408002,0.3,flat,197,0.817258883248731,26,0.1319796954314721,0.125,0.13333333333333333,0.12712236184478545,1.186719322642305e-06,1.168712352860826e-06,1.168712352860826e-06,23.26449763543448,0.0
confirmation,381144,702,brain5,fresh,408002,0.3,training_sd,197,0.817258883248731,93,0.4720812182741117,0.65625,0.43636363636363634,0.42319848954722183,1.186719322642305e-06,1.1428858583493001e-06,1.1428858583493001e-06,0.026007489544262987,0.0
confirmation,381144,702,brain5,fresh,408003,0.3,flat,197,0.817258883248731,22,0.1116751269035533,0.125,0.10909090909090909,0.10064680791710376,1.186719322642305e-06,1.129494559004575e-06,1.129494559004575e-06,23.32540740087902,0.0
confirmation,381144,702,brain5,fresh,408003,0.3,training_sd,197,0.817258883248731,90,0.45685279187817257,0.53125,0.44242424242424244,0.4188350413311263,1.186719322642305e-06,1.163747476925614e-06,1.163747476925614e-06,0.025104879148651317,0.0
