cohort,direction,seed,test_accuracy,frequency_accuracy,null_accuracy,frequency_excess,null_excess,r2_vs_frequency,test_mse,source_within_accuracy,target_refit_accuracy,transfer_minus_source,transfer_minus_target_refit
confirmation,fixed_original_to_renormalized,41142,0.28025,0.2671666666666667,0.24191666666666667,0.013083333333333322,0.03833333333333334,-220.39902334568097,41.47161341893119,0.7882499999999999,0.7816666666666667,-0.508,-0.5014166666666667
confirmation,fixed_original_to_renormalized,41143,0.2534166666666667,0.273,0.24991666666666668,-0.019583333333333355,0.0035000000000000053,-1394.9273945534792,261.5902751903563,0.8124166666666668,0.8034166666666667,-0.5589999999999999,-0.55
confirmation,fixed_original_to_renormalized,41144,0.28150000000000003,0.2235,0.25416666666666665,0.058,0.02733333333333333,-452.7759420803667,85.2600292620599,0.7938333333333334,0.7825833333333333,-0.5123333333333333,-0.5010833333333333
confirmation,renormalized_to_fixed_original,41142,0.24083333333333334,0.2671666666666667,0.24783333333333335,-0.026333333333333354,-0.007000000000000008,-1506.4425162811508,282.36874532007226,0.7816666666666667,0.7882499999999999,-0.5408333333333333,-0.5474166666666667
confirmation,renormalized_to_fixed_original,41143,0.24925000000000003,0.273,0.2451666666666667,-0.02375000000000002,0.004083333333333335,-31540.074728488842,5910.709765274248,0.8034166666666667,0.8124166666666668,-0.5541666666666667,-0.5631666666666666
confirmation,renormalized_to_fixed_original,41144,0.2586666666666667,0.2235,0.23891666666666667,0.035166666666666666,0.019749999999999993,-21347.755287572225,4011.154485583399,0.7825833333333333,0.7938333333333334,-0.5239166666666667,-0.5351666666666667
main,fixed_original_to_renormalized,34142,0.25466666666666665,0.2363333333333333,0.24291666666666667,0.018333333333333347,0.011749999999999993,-257.47366146974986,48.48317148199591,0.7976666666666667,0.7767499999999999,-0.543,-0.5220833333333332
main,fixed_original_to_renormalized,34143,0.259,0.23933333333333331,0.24991666666666668,0.019666666666666676,0.009083333333333334,-352.284240568477,66.30829835242139,0.8055,0.7959166666666666,-0.5465,-0.5369166666666667
main,fixed_original_to_renormalized,34144,0.2509166666666667,0.23183333333333334,0.24816666666666665,0.01908333333333333,0.0027500000000000024,-579.9344552762016,109.06830434268511,0.7939166666666666,0.7885,-0.5429999999999999,-0.5375833333333333
main,fixed_original_to_renormalized,34145,0.25675,0.23383333333333334,0.23883333333333334,0.02291666666666667,0.017916666666666674,-674.184217290344,126.68039110118403,0.8029166666666666,0.79175,-0.5461666666666667,-0.5349999999999999
main,fixed_original_to_renormalized,34146,0.2520833333333333,0.2608333333333333,0.25658333333333333,-0.008750000000000004,-0.004500000000000001,-645.0439563864163,121.13502580306812,0.8038333333333334,0.7886666666666666,-0.55175,-0.5365833333333333
main,renormalized_to_fixed_original,34142,0.26475000000000004,0.2363333333333333,0.24708333333333335,0.028416666666666687,0.01766666666666667,-7483.693569102593,1403.946468516931,0.7767499999999999,0.7976666666666667,-0.512,-0.5329166666666667
main,renormalized_to_fixed_original,34143,0.261,0.23933333333333331,0.2415,0.02166666666666668,0.019500000000000007,-4445.704056834378,834.5995431488911,0.7959166666666666,0.8055,-0.5349166666666667,-0.5445
main,renormalized_to_fixed_original,34144,0.24683333333333335,0.23183333333333334,0.24450000000000002,0.014999999999999996,0.002333333333333333,-19628.05390053918,3685.157044146348,0.7885,0.7939166666666666,-0.5416666666666667,-0.5470833333333334
main,renormalized_to_fixed_original,34145,0.24808333333333332,0.23383333333333334,0.25025,0.014249999999999997,-0.002166666666666659,-18030.455720957027,3383.114174195596,0.79175,0.8029166666666666,-0.5436666666666667,-0.5548333333333334
main,renormalized_to_fixed_original,34146,0.26575000000000004,0.2608333333333333,0.24541666666666667,0.004916666666666669,0.02033333333333334,-7873.435729757578,1476.484323575976,0.7886666666666666,0.8038333333333334,-0.5229166666666667,-0.5380833333333332
smoke,fixed_original_to_renormalized,34001,0.30333333333333334,0.30666666666666664,0.235,-0.003333333333333318,0.06833333333333334,-100.64077935278446,19.184669904107427,0.7266666666666666,0.6983333333333334,-0.4233333333333333,-0.395
smoke,renormalized_to_fixed_original,34001,0.27,0.30666666666666664,0.25833333333333336,-0.03666666666666666,0.011666666666666659,-595.0124716333252,112.48599625864881,0.6983333333333334,0.7266666666666666,-0.4283333333333334,-0.4566666666666666
