level,seed,lag,samples,correct,frequency_correct,current_correct,accuracy,frequency_accuracy,current_accuracy,chance,chance_adjusted,baseline,baseline_excess,graph_id
brain5,910001,0,200,200,16,200,1.0,0.08,1.0,0.1,1.0,1.0,0.0,g930001
brain5,910001,1,200,200,16,17,1.0,0.08,0.085,0.1,1.0,0.1,0.9,g930001
brain5,910001,2,200,143,16,18,0.715,0.08,0.09,0.1,0.6833333333333333,0.1,0.615,g930001
brain5,910001,3,200,111,16,14,0.555,0.08,0.07,0.1,0.5055555555555556,0.1,0.45500000000000007,g930001
brain5,910001,4,200,73,16,14,0.365,0.08,0.07,0.1,0.29444444444444445,0.1,0.265,g930001
brain5,910001,5,200,64,16,17,0.32,0.08,0.085,0.1,0.24444444444444444,0.1,0.22,g930001
brain5,910001,6,200,44,16,12,0.22,0.08,0.06,0.1,0.13333333333333333,0.1,0.12,g930001
brain5,910001,7,200,36,16,24,0.18,0.08,0.12,0.1,0.08888888888888888,0.12,0.06,g930001
brain5,910001,8,200,23,16,19,0.115,0.08,0.095,0.1,0.016666666666666666,0.1,0.015,g930001
brain5,910001,9,200,23,16,22,0.115,0.08,0.11,0.1,0.016666666666666666,0.11,0.0050000000000000044,g930001
brain5,910001,10,200,18,15,13,0.09,0.075,0.065,0.1,-0.01111111111111112,0.1,-0.010000000000000009,g930001
brain5,910001,11,200,21,15,26,0.105,0.075,0.13,0.1,0.005555555555555545,0.13,-0.02500000000000001,g930001
brain5,910001,12,200,17,15,15,0.085,0.075,0.075,0.1,-0.016666666666666666,0.1,-0.015,g930001
brain5,910001,13,200,17,15,19,0.085,0.075,0.095,0.1,-0.016666666666666666,0.1,-0.015,g930001
brain5,910001,14,200,24,15,20,0.12,0.075,0.1,0.1,0.02222222222222221,0.1,0.01999999999999999,g930001
brain5,910001,15,200,14,15,8,0.07,0.075,0.04,0.1,-0.03333333333333333,0.1,-0.03,g930001
brain5,910001,16,200,16,15,21,0.08,0.075,0.105,0.1,-0.022222222222222227,0.105,-0.024999999999999994,g930001
brain5,910001,17,200,17,15,21,0.085,0.075,0.105,0.1,-0.016666666666666666,0.105,-0.01999999999999999,g930001
brain5,910001,18,200,19,15,17,0.095,0.075,0.085,0.1,-0.00555555555555556,0.1,-0.0050000000000000044,g930001
brain5,910001,19,200,16,15,11,0.08,0.075,0.055,0.1,-0.022222222222222227,0.1,-0.020000000000000004,g930001
brain5,910001,20,200,14,15,19,0.07,0.075,0.095,0.1,-0.03333333333333333,0.1,-0.03,g930001
brain5,910001,0,200,200,16,200,1.0,0.08,1.0,0.1,1.0,1.0,0.0,real
brain5,910001,1,200,194,16,17,0.97,0.08,0.085,0.1,0.9666666666666667,0.1,0.87,real
brain5,910001,2,200,139,16,18,0.695,0.08,0.09,0.1,0.6611111111111111,0.1,0.595,real
brain5,910001,3,200,103,16,14,0.515,0.08,0.07,0.1,0.46111111111111114,0.1,0.41500000000000004,real
brain5,910001,4,200,82,16,14,0.41,0.08,0.07,0.1,0.3444444444444444,0.1,0.30999999999999994,real
brain5,910001,5,200,60,16,17,0.3,0.08,0.085,0.1,0.2222222222222222,0.1,0.19999999999999998,real
brain5,910001,6,200,47,16,12,0.235,0.08,0.06,0.1,0.14999999999999997,0.1,0.13499999999999998,real
brain5,910001,7,200,35,16,24,0.175,0.08,0.12,0.1,0.08333333333333331,0.12,0.05499999999999999,real
brain5,910001,8,200,28,16,19,0.14,0.08,0.095,0.1,0.04444444444444445,0.1,0.04000000000000001,real
brain5,910001,9,200,18,16,22,0.09,0.08,0.11,0.1,-0.01111111111111112,0.11,-0.020000000000000004,real
brain5,910001,10,200,19,15,13,0.095,0.075,0.065,0.1,-0.00555555555555556,0.1,-0.0050000000000000044,real
brain5,910001,11,200,25,15,26,0.125,0.075,0.13,0.1,0.02777777777777777,0.13,-0.0050000000000000044,real
brain5,910001,12,200,21,15,15,0.105,0.075,0.075,0.1,0.005555555555555545,0.1,0.0049999999999999906,real
brain5,910001,13,200,17,15,19,0.085,0.075,0.095,0.1,-0.016666666666666666,0.1,-0.015,real
brain5,910001,14,200,18,15,20,0.09,0.075,0.1,0.1,-0.01111111111111112,0.1,-0.010000000000000009,real
brain5,910001,15,200,18,15,8,0.09,0.075,0.04,0.1,-0.01111111111111112,0.1,-0.010000000000000009,real
brain5,910001,16,200,21,15,21,0.105,0.075,0.105,0.1,0.005555555555555545,0.105,0.0,real
brain5,910001,17,200,19,15,21,0.095,0.075,0.105,0.1,-0.00555555555555556,0.105,-0.009999999999999995,real
brain5,910001,18,200,18,15,17,0.09,0.075,0.085,0.1,-0.01111111111111112,0.1,-0.010000000000000009,real
brain5,910001,19,200,16,15,11,0.08,0.075,0.055,0.1,-0.022222222222222227,0.1,-0.020000000000000004,real
brain5,910001,20,200,10,15,19,0.05,0.075,0.095,0.1,-0.05555555555555556,0.1,-0.05,real
legacy5,910001,0,200,200,16,200,1.0,0.08,1.0,0.1,1.0,1.0,0.0,g920001
legacy5,910001,1,200,200,16,17,1.0,0.08,0.085,0.1,1.0,0.1,0.9,g920001
legacy5,910001,2,200,162,16,18,0.81,0.08,0.09,0.1,0.788888888888889,0.1,0.7100000000000001,g920001
legacy5,910001,3,200,117,16,14,0.585,0.08,0.07,0.1,0.5388888888888889,0.1,0.485,g920001
legacy5,910001,4,200,93,16,14,0.465,0.08,0.07,0.1,0.40555555555555556,0.1,0.365,g920001
legacy5,910001,5,200,79,16,17,0.395,0.08,0.085,0.1,0.32777777777777783,0.1,0.29500000000000004,g920001
legacy5,910001,6,200,65,16,12,0.325,0.08,0.06,0.1,0.25,0.1,0.225,g920001
legacy5,910001,7,200,49,16,24,0.245,0.08,0.12,0.1,0.1611111111111111,0.12,0.125,g920001
legacy5,910001,8,200,37,16,19,0.185,0.08,0.095,0.1,0.09444444444444443,0.1,0.08499999999999999,g920001
legacy5,910001,9,200,21,16,22,0.105,0.08,0.11,0.1,0.005555555555555545,0.11,-0.0050000000000000044,g920001
legacy5,910001,10,200,28,15,13,0.14,0.075,0.065,0.1,0.04444444444444445,0.1,0.04000000000000001,g920001
legacy5,910001,11,200,21,15,26,0.105,0.075,0.13,0.1,0.005555555555555545,0.13,-0.02500000000000001,g920001
legacy5,910001,12,200,22,15,15,0.11,0.075,0.075,0.1,0.011111111111111105,0.1,0.009999999999999995,g920001
legacy5,910001,13,200,18,15,19,0.09,0.075,0.095,0.1,-0.01111111111111112,0.1,-0.010000000000000009,g920001
legacy5,910001,14,200,16,15,20,0.08,0.075,0.1,0.1,-0.022222222222222227,0.1,-0.020000000000000004,g920001
legacy5,910001,15,200,20,15,8,0.1,0.075,0.04,0.1,0.0,0.1,0.0,g920001
legacy5,910001,16,200,21,15,21,0.105,0.075,0.105,0.1,0.005555555555555545,0.105,0.0,g920001
legacy5,910001,17,200,15,15,21,0.075,0.075,0.105,0.1,-0.027777777777777787,0.105,-0.03,g920001
legacy5,910001,18,200,17,15,17,0.085,0.075,0.085,0.1,-0.016666666666666666,0.1,-0.015,g920001
legacy5,910001,19,200,16,15,11,0.08,0.075,0.055,0.1,-0.022222222222222227,0.1,-0.020000000000000004,g920001
legacy5,910001,20,200,13,15,19,0.065,0.075,0.095,0.1,-0.03888888888888889,0.1,-0.035,g920001
legacy5,910001,0,200,200,16,200,1.0,0.08,1.0,0.1,1.0,1.0,0.0,real
legacy5,910001,1,200,197,16,17,0.985,0.08,0.085,0.1,0.9833333333333333,0.1,0.885,real
legacy5,910001,2,200,143,16,18,0.715,0.08,0.09,0.1,0.6833333333333333,0.1,0.615,real
legacy5,910001,3,200,117,16,14,0.585,0.08,0.07,0.1,0.5388888888888889,0.1,0.485,real
legacy5,910001,4,200,81,16,14,0.405,0.08,0.07,0.1,0.33888888888888896,0.1,0.30500000000000005,real
legacy5,910001,5,200,59,16,17,0.295,0.08,0.085,0.1,0.21666666666666665,0.1,0.19499999999999998,real
legacy5,910001,6,200,53,16,12,0.265,0.08,0.06,0.1,0.18333333333333335,0.1,0.165,real
legacy5,910001,7,200,41,16,24,0.205,0.08,0.12,0.1,0.11666666666666664,0.12,0.08499999999999999,real
legacy5,910001,8,200,31,16,19,0.155,0.08,0.095,0.1,0.0611111111111111,0.1,0.05499999999999999,real
legacy5,910001,9,200,23,16,22,0.115,0.08,0.11,0.1,0.016666666666666666,0.11,0.0050000000000000044,real
legacy5,910001,10,200,22,15,13,0.11,0.075,0.065,0.1,0.011111111111111105,0.1,0.009999999999999995,real
legacy5,910001,11,200,22,15,26,0.11,0.075,0.13,0.1,0.011111111111111105,0.13,-0.020000000000000004,real
legacy5,910001,12,200,16,15,15,0.08,0.075,0.075,0.1,-0.022222222222222227,0.1,-0.020000000000000004,real
legacy5,910001,13,200,23,15,19,0.115,0.075,0.095,0.1,0.016666666666666666,0.1,0.015,real
legacy5,910001,14,200,22,15,20,0.11,0.075,0.1,0.1,0.011111111111111105,0.1,0.009999999999999995,real
legacy5,910001,15,200,16,15,8,0.08,0.075,0.04,0.1,-0.022222222222222227,0.1,-0.020000000000000004,real
legacy5,910001,16,200,18,15,21,0.09,0.075,0.105,0.1,-0.01111111111111112,0.105,-0.015,real
legacy5,910001,17,200,13,15,21,0.065,0.075,0.105,0.1,-0.03888888888888889,0.105,-0.039999999999999994,real
legacy5,910001,18,200,21,15,17,0.105,0.075,0.085,0.1,0.005555555555555545,0.1,0.0049999999999999906,real
legacy5,910001,19,200,18,15,11,0.09,0.075,0.055,0.1,-0.01111111111111112,0.1,-0.010000000000000009,real
legacy5,910001,20,200,17,15,19,0.085,0.075,0.095,0.1,-0.016666666666666666,0.1,-0.015,real
