cohort,seed,level,clean_accuracy,instantaneous_accuracy,full_accuracy,history_accuracy_cost,instantaneous_accuracy_cost,full_accuracy_cost,history_feature_mse
confirmation,381142,brain1,0.7258883248730964,0.35871404399323176,0.3494077834179357,0.009306260575296092,0.3671742808798646,0.3764805414551607,0.7705931048835207
confirmation,381142,brain5,0.8223350253807107,0.3739424703891709,0.3739424703891709,-6.938893903907228e-18,0.44839255499153974,0.44839255499153974,1.4771681951953248
confirmation,381142,legacy5,0.8426395939086294,0.5431472081218274,0.5228426395939086,0.020304568527918773,0.299492385786802,0.31979695431472077,0.09337349784723152
confirmation,381143,brain1,0.766497461928934,0.38071065989847713,0.3705583756345178,0.010152284263959374,0.38578680203045684,0.39593908629441615,0.8060305791290393
confirmation,381143,brain5,0.7639593908629442,0.35786802030456855,0.35617597292724196,0.0016920473773265564,0.4060913705583757,0.4077834179357022,1.7965408365352744
confirmation,381143,legacy5,0.8578680203045685,0.5583756345177665,0.5414551607445008,0.01692047377326564,0.299492385786802,0.31641285956006765,0.09287883885943683
confirmation,381144,brain1,0.7766497461928935,0.3824027072758038,0.3790186125211506,0.0033840947546531267,0.39424703891708973,0.3976311336717428,0.6704698977103085
confirmation,381144,brain5,0.8096446700507615,0.35194585448392557,0.3612521150592216,-0.009306260575296111,0.45769881556683584,0.44839255499153974,2.1049469240880514
confirmation,381144,legacy5,0.7969543147208121,0.5499153976311336,0.5236886632825719,0.02622673434856176,0.2470389170896785,0.2732656514382403,0.0932391353019938
discovery,7142,brain1,0.8248730964467006,0.41116751269035534,0.4060913705583757,0.005076142131979692,0.41370558375634525,0.4187817258883249,0.7400220043711981
discovery,7142,brain5,0.83248730964467,0.3900169204737733,0.39086294416243655,-0.0008460236886632713,0.44247038917089676,0.44162436548223355,1.486068220739232
discovery,7142,legacy5,0.817258883248731,0.544839255499154,0.5270727580372251,0.017766497461928932,0.272419627749577,0.29018612521150594,0.0814281231008995
discovery,7143,brain1,0.7614213197969543,0.37478849407783416,0.3730964467005076,0.001692047377326561,0.3866328257191201,0.38832487309644675,0.9140048288744591
discovery,7143,brain5,0.7868020304568528,0.3925549915397631,0.38240270727580367,0.010152284263959399,0.3942470389170896,0.40439932318104904,1.5589137381363478
discovery,7143,legacy5,0.8654822335025382,0.5727580372250424,0.5262267343485617,0.04653130287648055,0.2927241962774958,0.3392554991539763,0.16554488166255701
discovery,7144,brain1,0.7893401015228426,0.37140439932318103,0.36463620981387473,0.00676818950930626,0.41793570219966153,0.42470389170896783,1.247192587165966
discovery,7144,brain5,0.7868020304568528,0.38071065989847713,0.38832487309644664,-0.00761421319796952,0.4060913705583756,0.39847715736040606,1.0030401664783837
discovery,7144,legacy5,0.8883248730964467,0.5668358714043993,0.5490693739424705,0.01776649746192892,0.32148900169204736,0.3392554991539763,0.09415471615975109
discovery,7145,brain1,0.7614213197969543,0.3680203045685279,0.3663282571912014,0.0016920473773265703,0.3934010152284264,0.395093062605753,0.8782164684856237
discovery,7145,brain5,0.7791878172588832,0.37140439932318103,0.377326565143824,-0.005922165820642975,0.4077834179357022,0.40186125211505924,1.0568294276148897
discovery,7145,legacy5,0.8527918781725888,0.5414551607445008,0.5279187817258882,0.013536379018612538,0.31133671742808794,0.32487309644670054,0.14593604362512322
discovery,7146,brain1,0.7284263959390863,0.37986463620981387,0.3680203045685279,0.01184433164128596,0.34856175972927245,0.3604060913705584,0.7631776030885872
discovery,7146,brain5,0.8350253807106599,0.3756345177664975,0.38071065989847713,-0.005076142131979697,0.4593908629441625,0.45431472081218277,1.418084196702446
discovery,7146,legacy5,0.7588832487309644,0.5473773265651438,0.5304568527918782,0.016920473773265648,0.21150592216582065,0.22842639593908629,0.08540978596541271
