arm,circuit_seed,seed,train_seed,test_seed,rewire_seed,perturb_seed,effective_rank,mean_neuron_std,saturation_fraction,observed_sparsity,mean_mbon_norm,mean_active_neurons,mean_observed_cosine,clipped_features,observed_decay_ratio32,max_abs_state,initial_difference_ratio256,empirical_forgetting,sufficient_contraction,max_row_l1,sufficient_lipschitz_bound
renormalized,701,55142,56142,57142,58142,59142,6.945366220803906,0.004657878588275319,0.0,0.0,0.12183301870848826,648.0,0.9655585851606515,0,8.594823896475048e-07,0.5314362740107647,1.3248101880861178e-102,True,True,0.9000000000000002,0.9400000000000002
fixed_original,701,55142,56142,57142,58142,59142,7.42956062549307,0.007401313821525017,0.0,0.0,0.21288534145138208,648.0,0.9629120572191783,0,9.655973807033566e-07,0.5390008375731408,1.3248101880861178e-102,True,False,22.95,14.17
renormalized,702,55142,56142,57142,58142,59142,8.144036465154844,0.003395736681692657,0.0,0.0,0.09783981093761929,646.0,0.9806209555729224,0,7.339826472994844e-07,0.5306855718127759,1.2990391905208031e-102,True,True,0.9000000000000004,0.9400000000000002
fixed_original,702,55142,56142,57142,58142,59142,6.146363466494739,0.00571421727449448,0.0,0.0,0.2279169941927425,646.0,0.983330458273198,0,9.96939712164552e-07,0.5364011015283698,1.2990391905208031e-102,True,False,44.46,27.075999999999997
renormalized,701,55143,56143,57143,58143,59143,7.213277643101621,0.003775949527853749,0.0,0.0,0.08998306834973085,648.0,0.9708985355916671,0,8.028007739310218e-07,0.5040516136141776,1.3399063354273942e-102,True,True,0.9000000000000002,0.9400000000000002
fixed_original,701,55143,56143,57143,58143,59143,6.651463571425795,0.006253078300007944,0.0,0.0,0.3096669982047273,648.0,0.9921484121028132,0,1.2306026906314643e-06,0.5040466575464588,1.3399063354273942e-102,True,False,22.95,14.17
renormalized,702,55143,56143,57143,58143,59143,8.670585659761322,0.004036380346774226,0.0,0.0,0.08759413419034177,646.0,0.9642901839782362,0,8.836022746931926e-07,0.4584613457894432,1.278968271955455e-102,True,True,0.9000000000000002,0.9400000000000001
fixed_original,702,55143,56143,57143,58143,59143,9.91907907218436,0.005726294668941575,0.0,0.0,0.16609021694992704,646.0,0.9828425749460662,0,2.638692340163817e-06,0.6988055742750937,1.278968271955455e-102,True,False,8.325000000000001,5.3950000000000005
renormalized,701,55144,56144,57144,58144,59144,6.631545280134949,0.0032107645628592003,0.0,0.0,0.10433618493063708,648.0,0.9787113256089571,0,6.71533727722434e-07,0.5206674628662786,1.3394548495271145e-102,True,True,0.9000000000000002,0.9400000000000002
fixed_original,701,55144,56144,57144,58144,59144,8.81707685455503,0.004356457660921179,0.0,0.0,0.2224230027486849,648.0,0.9921420391556697,0,1.6395400894093064e-06,0.5206953771562561,1.3394548495271145e-102,True,False,14.072727272727272,8.843636363636364
renormalized,702,55144,56144,57144,58144,59144,7.005301846256994,0.0033485736710198665,0.0,0.0,0.0889286905910108,646.0,0.9693117065610672,0,9.063095921593125e-07,0.46086539420633865,1.2715350674233568e-102,True,True,0.9000000000000002,0.9400000000000001
fixed_original,702,55144,56144,57144,58144,59144,7.774617608192159,0.005381419566305765,0.0,0.0,0.3377199130517929,646.0,0.9939070371746094,0,1.9995611102856746e-06,0.4618146996798303,1.2715350674233568e-102,True,False,27.54,16.923999999999996
