cohort,seed,contrast,difference
discovery,241142,fixed_vs_frozen,0.09050000000000002
discovery,241143,fixed_vs_frozen,0.046499999999999986
discovery,241144,fixed_vs_frozen,0.021999999999999964
discovery,241142,fixed_vs_yoked,0.10349999999999998
discovery,241143,fixed_vs_yoked,0.059
discovery,241144,fixed_vs_yoked,0.035499999999999976
discovery,241142,ridge_vs_frozen,-0.017000000000000015
discovery,241143,ridge_vs_frozen,0.0
discovery,241144,ridge_vs_frozen,-0.0040000000000000036
discovery,241142,ridge_vs_yoked,-0.017000000000000015
discovery,241143,ridge_vs_yoked,0.0
discovery,241144,ridge_vs_yoked,-0.0035000000000000586
confirmation,251142,fixed_vs_frozen,0.066
confirmation,251143,fixed_vs_frozen,-0.02999999999999997
confirmation,251144,fixed_vs_frozen,0.07500000000000001
confirmation,251142,fixed_vs_yoked,0.14600000000000002
confirmation,251143,fixed_vs_yoked,-0.056499999999999995
confirmation,251144,fixed_vs_yoked,0.07750000000000001
confirmation,251142,ridge_vs_frozen,0.0015000000000000568
confirmation,251143,ridge_vs_frozen,-0.001000000000000112
confirmation,251144,ridge_vs_frozen,-0.00649999999999995
confirmation,251142,ridge_vs_yoked,0.0
confirmation,251143,ridge_vs_yoked,-0.000500000000000056
confirmation,251144,ridge_vs_yoked,-0.00649999999999995
