cohort,seed,circuit_seed,level,kind,strength,mode,artifact,reused_clean,pi_memory_score,exact_prefix_bits,first_error_position,accuracy,prefix32,censored,effective_rank,active_neurons_mean,activity_sparsity,mbon_mean_abs,mbon_sparsity,temporal_cosine,standardized_clean_mse,mean_target_probability,mean_confidence,clipped_coordinates,accuracy_1_32,accuracy_33_64,accuracy_65_128,accuracy_129_197,runtime_seconds
discovery,7146,701,brain5,clean,0.0,autonomous,clean_autonomous.npz,False,32,106.30169903639559,33,0.23857868020304568,True,False,7.52723202801059,85208.81725888325,0.3853907107027369,0.002230078740429989,0.0,0.9879078728813309,0.0,0.22565818474182683,0.907919811449545,0,1.0,0.0625,0.125,0.07246376811594203,
discovery,7146,701,brain5,clean,0.0,teacher,clean_teacher.npz,False,32,106.30169903639559,33,0.8121827411167513,True,False,10.957010499355054,85211.21319796954,0.38537342884780224,0.002044466095820071,0.0,0.9732724708498978,0.0,0.7018538136029389,0.774670465182715,0,1.0,0.78125,0.75,0.7971014492753623,
discovery,7146,701,brain5,pulse,0.0,autonomous,clean_autonomous.npz,True,32,106.30169903639559,33,0.23857868020304568,True,False,7.52723202801059,85208.81725888325,0.3853907107027369,0.002230078740429989,0.0,0.9879078728813309,0.0,0.22565818474182683,0.907919811449545,0,1.0,0.0625,0.125,0.07246376811594203,
discovery,7146,701,brain5,pulse,1e-06,autonomous,pulse_0_autonomous.npz,False,32,106.30169903639559,33,0.23857868020304568,True,False,7.527327045151683,88162.30964467005,0.3640872363139517,0.0022300787937891745,0.0,0.9879078956763822,7.647224260394094e-06,0.22563678064264914,0.9078983915731768,0,1.0,0.0625,0.125,0.07246376811594203,3.90350989999979
discovery,7146,701,brain5,pulse,0.0001,autonomous,pulse_1_autonomous.npz,False,0,0.0,1,0.08629441624365482,False,False,6.921659721505313,91108.97969543147,0.34283297127481105,0.0023041452979172916,0.0,0.9921407765394761,1.2446071872020115,0.08424298193946694,0.9164052471357504,0,0.125,0.09375,0.078125,0.07246376811594203,3.9149843999998666
discovery,7146,701,brain5,pulse,0.001,autonomous,pulse_2_autonomous.npz,False,0,0.0,1,0.07106598984771574,False,False,5.44328175353806,80134.59898477157,0.42199093339701266,0.002462982799173991,0.0,0.9967486119243356,14.033157142941839,0.07282865136706095,0.9754497318122343,0,0.0625,0.03125,0.140625,0.028985507246376812,3.745106400000168
discovery,7146,701,brain5,pulse,0.001,teacher,pulse_2_teacher.npz,False,0,0.0,1,0.7715736040609137,False,False,11.414644052362704,91669.84771573605,0.3387874428138111,0.002046901502318255,0.0,0.9731597389370719,7.6472242636972645,0.6678754182732963,0.7686318980675586,0,0.75,0.78125,0.75,0.7971014492753623,3.6948586999997133
discovery,7146,701,brain5,ongoing,0.0,autonomous,clean_autonomous.npz,True,32,106.30169903639559,33,0.23857868020304568,True,False,7.52723202801059,85208.81725888325,0.3853907107027369,0.002230078740429989,0.0,0.9879078728813309,0.0,0.22565818474182683,0.907919811449545,0,1.0,0.0625,0.125,0.07246376811594203,
discovery,7146,701,brain5,ongoing,1e-06,autonomous,ongoing_0_autonomous.npz,False,17,56.47277761308516,18,0.15228426395939088,False,False,6.050194852079124,137810.71065989847,0.005974432447590772,0.0024044299954360834,0.0,0.9936049981727968,5.799551309271318,0.14409488170768667,0.958590297258291,0,0.5625,0.03125,0.140625,0.028985507246376812,4.700890199999776
discovery,7146,701,brain5,ongoing,0.0001,autonomous,ongoing_1_autonomous.npz,False,0,0.0,1,0.1065989847715736,False,False,15.853931115164514,138629.61421319796,6.769946986084907e-05,0.002154740997668506,0.0,0.971721687747818,12.447575767688019,0.10136461438212947,0.7871186578815419,0,0.125,0.21875,0.046875,0.10144927536231885,4.706570800000009
discovery,7146,701,brain5,ongoing,0.001,autonomous,ongoing_2_autonomous.npz,False,0,0.0,1,0.1116751269035533,False,False,40.7940041919617,138638.04060913707,6.920064793636271e-06,0.002493488620817432,0.0,0.913199581368478,953.8701674988002,0.11135543654044483,0.7800491538840729,0,0.15625,0.125,0.0625,0.13043478260869565,4.629241399999955
discovery,7146,701,brain5,ongoing,0.001,teacher,ongoing_2_teacher.npz,False,0,0.0,1,0.1065989847715736,False,False,42.74679153847587,138638.11675126903,6.370853302239965e-06,0.0023808352290883286,0.0,0.9060873969199156,950.782951317008,0.10498707364355497,0.7759495477375363,0,0.15625,0.125,0.0625,0.11594202898550725,4.683129399999871
discovery,7146,701,brain5,edge_dropout,0.0,autonomous,clean_autonomous.npz,True,32,106.30169903639559,33,0.23857868020304568,True,False,7.52723202801059,85208.81725888325,0.3853907107027369,0.002230078740429989,0.0,0.9879078728813309,0.0,0.22565818474182683,0.907919811449545,0,1.0,0.0625,0.125,0.07246376811594203,
discovery,7146,701,brain5,edge_dropout,0.001,autonomous,edge_dropout_0_autonomous.npz,False,32,106.30169903639559,33,0.2233502538071066,True,False,6.594277675996849,85586.28426395939,0.3826680496544307,0.002322967238492648,0.0,0.9941023617844692,0.9933982651740184,0.2127435699882496,0.9539079241034832,0,1.0,0.0625,0.078125,0.07246376811594203,3.7312628999998196
discovery,7146,701,brain5,edge_dropout,0.005,autonomous,edge_dropout_1_autonomous.npz,False,1,3.321928094887362,2,0.08629441624365482,False,False,6.910306123348284,85561.55837563451,0.382846396932793,0.002294503326876739,0.0,0.9928980000404255,1.1455771782255952,0.08705113615224482,0.9277598077509726,0,0.1875,0.03125,0.078125,0.07246376811594203,3.6839115000002494
discovery,7146,701,brain5,edge_dropout,0.01,autonomous,edge_dropout_2_autonomous.npz,False,2,6.643856189774724,3,0.08121827411167512,False,False,6.3264872488511585,77132.34010152284,0.44364615943909835,0.0023513016345620497,0.0,0.9916988628738921,5.153394548781533,0.08855923523064234,0.9257837600224014,0,0.09375,0.0625,0.140625,0.028985507246376812,3.562274200000047
discovery,7146,701,brain5,edge_dropout,0.01,teacher,edge_dropout_2_teacher.npz,False,2,6.643856189774724,3,0.38071065989847713,False,False,10.977031799156578,84680.25888324874,0.3892031904208142,0.0020265778248953607,0.0,0.9726773789021476,0.05732474260697114,0.35110317728000706,0.7750276999136694,0,0.59375,0.375,0.328125,0.3333333333333333,3.6974841999999626
discovery,7146,701,brain5,neuron_dropout,0.0,autonomous,clean_autonomous.npz,True,32,106.30169903639559,33,0.23857868020304568,True,False,7.52723202801059,85208.81725888325,0.3853907107027369,0.002230078740429989,0.0,0.9879078728813309,0.0,0.22565818474182683,0.907919811449545,0,1.0,0.0625,0.125,0.07246376811594203,
discovery,7146,701,brain5,neuron_dropout,0.001,autonomous,neuron_dropout_0_autonomous.npz,False,6,19.931568569324174,7,0.1218274111675127,False,False,3.840496904227786,85541.22842639594,0.382993036401042,0.00238435705762616,0.0,0.9984638917978933,1.5889599826634033,0.11750956639233452,0.9674709280381052,0,0.34375,0.09375,0.078125,0.07246376811594203,3.5483807999999044
discovery,7146,701,brain5,neuron_dropout,0.005,autonomous,neuron_dropout_1_autonomous.npz,False,8,26.575424759098897,9,0.1065989847715736,False,False,6.61258614839015,76003.25888324874,0.45179019696298484,0.0022984647164719266,0.0,0.9881586456833583,4.713529582162506,0.09811378020810256,0.9549771341167875,0,0.3125,0.03125,0.125,0.028985507246376812,3.583249700000124
discovery,7146,701,brain5,neuron_dropout,0.01,autonomous,neuron_dropout_2_autonomous.npz,False,6,19.931568569324174,7,0.1218274111675127,False,False,3.8341565640058124,84115.42131979695,0.39327735110757467,0.0023870129077950167,0.0,0.9984621447627974,1.5911256678751942,0.11732733174415191,0.96713321129795,0,0.34375,0.09375,0.078125,0.07246376811594203,3.5654492999997274
discovery,7146,701,brain5,neuron_dropout,0.01,teacher,neuron_dropout_2_teacher.npz,False,6,19.931568569324174,7,0.467005076142132,False,False,10.905809225195545,83513.54822335026,0.3976186482638344,0.0020345141434388427,0.0,0.9729769118893243,0.01860429637408047,0.42510378444467006,0.7557536732358344,0,0.6875,0.53125,0.34375,0.4492753623188406,3.5685778000001847
discovery,7146,701,brain5,weight_noise,0.0,autonomous,clean_autonomous.npz,True,32,106.30169903639559,33,0.23857868020304568,True,False,7.52723202801059,85208.81725888325,0.3853907107027369,0.002230078740429989,0.0,0.9879078728813309,0.0,0.22565818474182683,0.907919811449545,0,1.0,0.0625,0.125,0.07246376811594203,
discovery,7146,701,brain5,weight_noise,0.001,autonomous,weight_noise_0_autonomous.npz,False,32,106.30169903639559,33,0.23857868020304568,True,False,7.525277479457927,85199.58883248731,0.3854572751355152,0.0022298946207315773,0.0,0.9879054978985374,6.168379595402862e-05,0.22513688082931918,0.9080986898279858,0,1.0,0.0625,0.125,0.07246376811594203,3.70633719999978
discovery,7146,701,brain5,weight_noise,0.01,autonomous,weight_noise_1_autonomous.npz,False,4,13.287712379549449,5,0.10152284263959391,False,False,6.14176939835113,75208.93401015228,0.45751964447123616,0.002403313797506816,0.0,0.9948582161838647,5.933131189143428,0.0990401673429996,0.9530914092108114,0,0.21875,0.0625,0.140625,0.028985507246376812,3.715290300000106
discovery,7146,701,brain5,weight_noise,0.05,autonomous,weight_noise_2_autonomous.npz,False,1,3.321928094887362,2,0.10152284263959391,False,False,6.809127668831844,85644.1573604061,0.3822506123067384,0.001914592534360798,0.0,0.977328641972955,3.892076008433005,0.08720302722885125,0.7824270097010145,0,0.125,0.15625,0.078125,0.08695652173913043,3.865907200000038
discovery,7146,701,brain5,weight_noise,0.05,teacher,weight_noise_2_teacher.npz,False,1,3.321928094887362,2,0.3096446700507614,False,False,10.909750560430684,84940.18781725888,0.387328328844994,0.0020340880580400613,0.0,0.9729514629945528,0.11433159353897492,0.26692940429846923,0.7553189096456688,0,0.4375,0.21875,0.265625,0.3333333333333333,3.8156764000000294
