level,seed,parent_seed,samples,original_correct,replacement_correct,joint_correct,original_accuracy,replacement_accuracy,joint_accuracy,prediction_changes,frequency_joint_correct,current_joint_correct,instantaneous_joint_correct,scientific_rule_pass,technical_checks_pass
brain5,1600001,1500001,64,64,64,64,1.0,1.0,1.0,64,0,0,0,True,True
brain5,1600002,1500002,64,64,64,64,1.0,1.0,1.0,64,0,0,0,True,True
brain5,1600003,1500003,64,64,64,64,1.0,1.0,1.0,64,0,0,0,True,True
legacy5,1600001,1500001,64,64,64,64,1.0,1.0,1.0,64,0,0,0,True,True
legacy5,1600002,1500002,64,64,64,64,1.0,1.0,1.0,64,0,0,0,True,True
legacy5,1600003,1500003,64,64,64,64,1.0,1.0,1.0,64,0,0,0,True,True
legacy5,1600004,1500004,64,64,64,64,1.0,1.0,1.0,64,0,0,0,True,True
legacy5,1600005,1500005,64,64,64,64,1.0,1.0,1.0,64,0,0,0,True,True
legacy5,1600006,1500006,64,64,64,64,1.0,1.0,1.0,64,0,0,0,True,True
