level,circuit_seed,seed,family,dataset_seed,exact_prefix_symbols,autonomous_prefix_bits,first_error_position,first_error_sequence_index,censored,next_digit_accuracy,teacher_forced_accuracy,autonomous_accuracy,mean_confidence,region_accuracy,pi_memory_score,train_loss,weighted_cross_entropy,effective_rank,active_neurons_mean,activity_sparsity,mean_observed_cosine,observed_mean_abs,observed_decay_ratio_32,majority_prefix,markov1_prefix,runtime_seconds,peak_process_tree_rss_bytes,wall_seconds,sample_seconds,neurons,edges,checkpoint,length,horizon,normalized_prefix,prefix_weight_mass,weight_sum,best_simple_prefix,control_advantage
legacy5,701,11142,random,11242,29,96.3359147517335,,,True,1.0,1.0,1.0,0.9995705473694464,{'1-29': 1.0},,0.0024239269819118,0.0004581999165318,13.000236850852062,614.7741935483871,0.1038277061976864,0.9660493035656198,0.0142098130970714,5.308384602894128e-07,1,1,0.4086505999994188,113360896,1.6710000000002765,0.2,686,3309,n32/random_legacy5_c701_s11142_d11242/checkpoint.npz,32,29,1.0,0.9830508474576272,118,1,28
brain1,701,11142,random,11242,29,96.3359147517335,,,True,1.0,1.0,1.0,0.9996077079094076,{'1-29': 1.0},,0.0025290889938478,0.0004186393914671,7.3606488645879775,101021.80645161292,0.2713319740360728,0.9955966386361156,0.0058731417352371,2.6275819731269065e-06,1,1,3.877051999999821,779726848,5.234999999999673,0.2,138639,15091983,n32/random_brain1_c701_s11142_d11242/checkpoint.npz,32,29,1.0,0.9830508474576272,118,1,28
legacy5,702,11142,random,11242,29,96.3359147517335,,,True,1.0,1.0,1.0,0.9996895628092006,{'1-29': 1.0},,0.002221737695087,0.0003485409407585,13.01509786761008,612.0967741935484,0.107730649863632,0.967561139427406,0.0141472085952842,5.463280924632618e-07,1,1,0.4206401999999798,113836032,1.6720000000004802,0.2,686,3241,n32/random_legacy5_c702_s11142_d11242/checkpoint.npz,32,29,1.0,0.9830508474576272,118,1,28
brain1,702,11142,random,11242,29,96.3359147517335,,,True,1.0,1.0,1.0,0.9993547725464724,{'1-29': 1.0},,0.0036424009102356,0.0006887958287492,7.154880733784777,96275.87096774194,0.3055643003213962,0.9939988184371789,0.0055680586157152,2.1100026591858955e-06,1,1,4.365705499999422,854491136,5.703000000000429,0.2,138639,15091983,n32/random_brain1_c702_s11142_d11242/checkpoint.npz,32,29,1.0,0.9830508474576272,118,1,28
legacy5,701,11143,random,11243,29,96.3359147517335,,,True,1.0,1.0,1.0,0.999610388484754,{'1-29': 1.0},,0.0022896007291799,0.0004131596092758,11.651227302470184,614.0,0.1049562682215743,0.9612987085790616,0.0136751444114129,5.766952048627482e-07,0,0,0.5873987999993915,113209344,2.125,0.2,686,3309,n32/random_legacy5_c701_s11143_d11243/checkpoint.npz,32,29,1.0,0.9830508474576272,118,0,29
brain1,701,11143,random,11243,29,96.3359147517335,,,True,1.0,1.0,1.0,0.999591997806596,{'1-29': 1.0},,0.0029731794679427,0.0005130355021861,7.542657731844617,100417.2258064516,0.2756928006805328,0.9957114492210069,0.0054935646611198,3.164338144896466e-06,0,0,4.480421600000227,872755200,6.125,0.2,138639,15091983,n32/random_brain1_c701_s11143_d11243/checkpoint.npz,32,29,1.0,0.9830508474576272,118,0,29
legacy5,702,11143,random,11243,29,96.3359147517335,,,True,1.0,1.0,1.0,0.9996765157217264,{'1-29': 1.0},,0.0021442576074669,0.0003555008362854,12.46869653449173,612.0967741935484,0.107730649863632,0.9579580403157004,0.0126126686608991,6.921394562766574e-07,0,0,0.5296452000002319,113631232,1.8909999999996217,0.2,686,3241,n32/random_legacy5_c702_s11143_d11243/checkpoint.npz,32,29,1.0,0.9830508474576272,118,0,29
brain1,702,11143,random,11243,29,96.3359147517335,,,True,1.0,1.0,1.0,0.999597325552386,{'1-29': 1.0},,0.0027800247348697,0.0004537658940944,7.330138906501586,97351.51612903226,0.2978056958789932,0.9936949433419512,0.0054052124394572,2.29201144969681e-06,0,0,4.455800600000657,978112512,6.139999999999418,0.2,138639,15091983,n32/random_brain1_c702_s11143_d11243/checkpoint.npz,32,29,1.0,0.9830508474576272,118,0,29
legacy5,701,11144,random,11244,29,96.3359147517335,,,True,1.0,1.0,1.0,0.9996986901678078,{'1-29': 1.0},,0.0020011606307135,0.0003266353879418,11.862137778915658,614.0645161290323,0.1048622213862502,0.9644418551493368,0.0137650572201313,6.620359596356045e-07,0,1,0.4203612999999677,112525312,1.875,0.2,686,3309,n32/random_legacy5_c701_s11144_d11244/checkpoint.npz,32,29,1.0,0.9830508474576272,118,1,28
brain1,701,11144,random,11244,29,96.3359147517335,,,True,1.0,1.0,1.0,0.999590363205788,{'1-29': 1.0},,0.0027072596924188,0.0004610312515725,6.65487812221318,95447.41935483873,0.311539903239069,0.99600626435218,0.0054745410317048,2.1744360593308544e-06,0,1,4.7067895999998655,854515712,6.360000000000582,0.2,138639,15091983,n32/random_brain1_c701_s11144_d11244/checkpoint.npz,32,29,1.0,0.9830508474576272,118,1,28
legacy5,702,11144,random,11244,29,96.3359147517335,,,True,1.0,1.0,1.0,0.9996371817453494,{'1-29': 1.0},,0.002335023073617,0.0003852435945656,11.182689380799689,612.258064516129,0.107495532775322,0.9711589415609424,0.0130123404158381,5.132725124889334e-07,0,1,0.5075232999997752,120016896,2.125,0.2,686,3241,n32/random_legacy5_c702_s11144_d11244/checkpoint.npz,32,29,1.0,0.9830508474576272,118,1,28
brain1,702,11144,random,11244,29,96.3359147517335,,,True,1.0,1.0,1.0,0.999464417927828,{'1-29': 1.0},,0.0030664927127286,0.0005992598596245,6.451568266014975,93712.58064516127,0.3240532559729853,0.9965576725198766,0.0055127180441415,3.560004486982154e-06,0,1,4.404124800000318,774356992,6.110000000000582,0.2,138639,15091983,n32/random_brain1_c702_s11144_d11244/checkpoint.npz,32,29,1.0,0.9830508474576272,118,1,28
legacy5,701,11145,random,11245,29,96.3359147517335,,,True,1.0,1.0,1.0,0.9996742237685984,{'1-29': 1.0},,0.0019849624833814,0.0003390903251788,11.621880591236977,613.6129032258065,0.1055205492335182,0.9639728724749382,0.0124994533890149,6.94369667853581e-07,1,1,0.5824420000008104,113799168,2.342999999999847,0.2,686,3309,n32/random_legacy5_c701_s11145_d11245/checkpoint.npz,32,29,1.0,0.9830508474576272,118,1,28
brain1,701,11145,random,11245,29,96.3359147517335,,,True,1.0,1.0,1.0,0.9996123239066824,{'1-29': 1.0},,0.0024420105344792,0.000429716942055,7.465838610609047,97180.32258064517,0.2990405111069384,0.9967095808933776,0.0055023468475571,3.489393844338397e-06,1,1,4.5673012000006565,834871296,6.359999999999673,0.2,138639,15091983,n32/random_brain1_c701_s11145_d11245/checkpoint.npz,32,29,1.0,0.9830508474576272,118,1,28
legacy5,702,11145,random,11245,29,96.3359147517335,,,True,1.0,1.0,1.0,0.9994375599699068,{'1-29': 1.0},,0.0029006742045002,0.0005948164597099,10.842899985136867,612.258064516129,0.107495532775322,0.9721571766901232,0.0145867471639699,5.462748449390736e-07,1,1,0.596450800000639,123113472,2.125,0.2,686,3241,n32/random_legacy5_c702_s11145_d11245/checkpoint.npz,32,29,1.0,0.9830508474576272,118,1,28
brain1,702,11145,random,11245,29,96.3359147517335,,,True,1.0,1.0,1.0,0.9994452519423802,{'1-29': 1.0},,0.0029864087780111,0.0005724559084358,7.327519396577312,93768.12903225806,0.3236525867017357,0.994787904307742,0.0056286056212464,2.19391486264743e-06,1,1,4.457441300000028,854622208,6.140999999999622,0.2,138639,15091983,n32/random_brain1_c702_s11145_d11245/checkpoint.npz,32,29,1.0,0.9830508474576272,118,1,28
legacy5,701,11146,random,11246,29,96.3359147517335,,,True,1.0,1.0,1.0,0.9996758392136108,{'1-29': 1.0},,0.0020867717702849,0.0003592387001715,11.526627422293483,614.0967741935484,0.1048151979685882,0.9624904966518096,0.0134191723461133,6.003138144408177e-07,2,0,0.6590974000000642,113369088,2.3280000000004293,0.2,686,3309,n32/random_legacy5_c701_s11146_d11246/checkpoint.npz,32,29,1.0,0.9830508474576272,118,2,27
brain1,701,11146,random,11246,29,96.3359147517335,,,True,1.0,1.0,1.0,0.9996059198779572,{'1-29': 1.0},,0.0026357090463791,0.0004141649503414,7.05457514860263,99889.64516129032,0.2794982280506184,0.9963422080598652,0.0055357415415126,2.8694641090514856e-06,2,0,4.51438379999945,854343680,7.015999999999622,0.2,138639,15091983,n32/random_brain1_c701_s11146_d11246/checkpoint.npz,32,29,1.0,0.9830508474576272,118,2,27
legacy5,702,11146,random,11246,29,96.3359147517335,,,True,1.0,1.0,1.0,0.999663387541138,{'1-29': 1.0},,0.0020118263993794,0.0003436642550975,11.914690398420706,612.3870967741935,0.1073074391046741,0.965514082032378,0.010597991355155,9.314154022754412e-07,2,0,0.5489825000004203,112525312,2.1090000000003783,0.2,686,3241,n32/random_legacy5_c702_s11146_d11246/checkpoint.npz,32,29,1.0,0.9830508474576272,118,2,27
brain1,702,11146,random,11246,29,96.3359147517335,,,True,1.0,1.0,1.0,0.9995966680249304,{'1-29': 1.0},,0.0026889928593993,0.0004671113999952,7.212143693054164,93219.7741935484,0.327607857864321,0.9964000322847996,0.0049961585948153,2.1478594306034168e-06,2,0,4.332009400000061,854089728,5.921999999999571,0.2,138639,15091983,n32/random_brain1_c702_s11146_d11246/checkpoint.npz,32,29,1.0,0.9830508474576272,118,2,27
legacy5,701,11142,random,11242,61,202.6376137881291,,,True,1.0,1.0,1.0,0.997594689698378,"{'1-32': 1.0, '33-61': 1.0}",,0.0052708808581781,0.0012234315604408,15.16992248472257,631.6507936507936,0.0792262483224582,0.970007581260598,0.0144002129107807,6.415318892949097e-07,1,1,0.5792928999999276,113750016,2.125,0.2,686,3309,n64/random_legacy5_c701_s11142_d11242/checkpoint.npz,64,61,1.0,0.8050314465408805,159,1,60
brain1,701,11142,random,11242,61,202.6376137881291,,,True,1.0,1.0,1.0,0.99704509064556,"{'1-32': 1.0, '33-61': 1.0}",,0.0072428587375074,0.0015461905715833,9.37670536963386,109457.07936507936,0.2104885395517901,0.9961128212704844,0.0060788098257206,4.138931677237922e-06,1,1,6.508989699999802,1008852992,8.266000000000531,0.2,138639,15091983,n64/random_brain1_c701_s11142_d11242/checkpoint.npz,64,61,1.0,0.8050314465408805,159,1,60
legacy5,702,11142,random,11242,61,202.6376137881291,,,True,1.0,1.0,1.0,0.9989809447594988,"{'1-32': 1.0, '33-61': 1.0}",,0.0039458365117723,0.0007152615511568,15.387768112498652,629.3174603174604,0.0826276088666758,0.9692391741606492,0.0142669296566024,5.453675658271366e-07,1,1,0.612292100000559,113143808,2.358999999999469,0.2,686,3241,n64/random_legacy5_c702_s11142_d11242/checkpoint.npz,64,61,1.0,0.8050314465408805,159,1,60
brain1,702,11142,random,11242,61,202.6376137881291,,,True,1.0,1.0,1.0,0.9963939369589214,"{'1-32': 1.0, '33-61': 1.0}",,0.0084028078654052,0.0020652563231823,9.02588525909666,103841.93650793652,0.2509904391409595,0.9947464800256391,0.0057013697855287,2.6314213581270864e-06,1,1,5.901004599999396,854863872,7.625,0.2,138639,15091983,n64/random_brain1_c702_s11142_d11242/checkpoint.npz,64,61,1.0,0.8050314465408805,159,1,60
legacy5,701,11143,random,11243,61,202.6376137881291,,,True,1.0,1.0,1.0,0.9979993106350676,"{'1-32': 1.0, '33-61': 1.0}",,0.0053611110357596,0.0010991189312567,14.433683817105868,631.2698412698413,0.0797815724929427,0.965499571765976,0.0146385249884928,5.130556893928013e-07,0,0,0.6015695000005508,113094656,2.1090000000003783,0.2,686,3309,n64/random_legacy5_c701_s11143_d11243/checkpoint.npz,64,61,1.0,0.8050314465408805,159,0,61
brain1,701,11143,random,11243,43,142.84290808015658,44.0,46.0,False,0.984126984126984,0.9836065573770492,0.7704918032786885,0.9579888145896136,"{'1-32': 1.0, '33-61': 0.5172413793103449}",,0.0154857647563788,0.0099961666232545,9.711165064896848,110150.01587301587,0.2054904040492511,0.9963255918470422,0.0057382833550903,2.0333275918534783e-06,0,0,6.4345720999999685,854618112,8.04699999999957,0.2,138639,15091983,n64/random_brain1_c701_s11143_d11243/checkpoint.npz,64,61,0.7049180327868853,0.8050314465408805,159,0,43
legacy5,702,11143,random,11243,61,202.6376137881291,,,True,1.0,1.0,1.0,0.9971722836344152,"{'1-32': 1.0, '33-61': 1.0}",,0.006799020797434,0.0015469752954931,14.76872940886477,629.3174603174604,0.0826276088666758,0.9604351438189402,0.0127605581387207,8.019126496070572e-07,0,0,0.5970491999996739,128380928,2.110000000000582,0.2,686,3241,n64/random_legacy5_c702_s11143_d11243/checkpoint.npz,64,61,1.0,0.8050314465408805,159,0,61
brain1,702,11143,random,11243,61,202.6376137881291,,,True,0.984126984126984,1.0,1.0,0.989683561142332,"{'1-32': 1.0, '33-61': 1.0}",,0.0279417441145369,0.019191465377312,9.098334495590128,105640.47619047618,0.2380176127173725,0.9947368830934492,0.0056023317178346,2.037291185135404e-06,0,0,8.154518100000132,854540288,10.061999999999898,0.2,138639,15091983,n64/random_brain1_c702_s11143_d11243/checkpoint.npz,64,61,1.0,0.8050314465408805,159,0,61
legacy5,701,11144,random,11244,61,202.6376137881291,,,True,1.0,1.0,1.0,0.998184970177394,"{'1-32': 1.0, '33-61': 1.0}",,0.0053901759434057,0.0010429467490307,14.646524626236712,631.3015873015873,0.0797352954787357,0.9677508086218202,0.0141333278017638,4.600898054387648e-07,0,1,0.7001915000000736,114126848,2.8280000000004293,0.2,686,3309,n64/random_legacy5_c701_s11144_d11244/checkpoint.npz,64,61,1.0,0.8050314465408805,159,1,60
brain1,701,11144,random,11244,61,202.6376137881291,,,True,1.0,1.0,1.0,0.9978658804607852,"{'1-32': 1.0, '33-61': 1.0}",,0.006670239506137,0.0012611784066459,9.086788322775783,104310.87301587302,0.2476080106184189,0.996631867875508,0.0057507779972372,3.614236724227719e-06,0,1,9.123612900000808,954490880,10.936999999999898,0.2,138639,15091983,n64/random_brain1_c701_s11144_d11244/checkpoint.npz,64,61,1.0,0.8050314465408805,159,1,60
legacy5,702,11144,random,11244,61,202.6376137881291,,,True,1.0,1.0,1.0,0.9983496336626588,"{'1-32': 1.0, '33-61': 1.0}",,0.0051787584794752,0.0009869885774766,14.148909451380367,629.3968253968254,0.0825119163311582,0.9722762450071306,0.0127420910822087,7.000914663238153e-07,0,1,0.5175650000001042,116256768,1.92200000000048,0.2,686,3241,n64/random_legacy5_c702_s11144_d11244/checkpoint.npz,64,61,1.0,0.8050314465408805,159,1,60
brain1,702,11144,random,11244,61,202.6376137881291,,,True,1.0,1.0,1.0,0.9958636384479376,"{'1-32': 1.0, '33-61': 1.0}",,0.0095378965682067,0.0022607666275292,9.072675550568608,103240.93650793652,0.255325438672116,0.9970192450775404,0.0056073015237857,2.460280216114705e-06,0,1,8.916502000000037,927870976,10.468000000000757,0.2,138639,15091983,n64/random_brain1_c702_s11144_d11244/checkpoint.npz,64,61,1.0,0.8050314465408805,159,1,60
legacy5,701,11145,random,11245,61,202.6376137881291,,,True,1.0,1.0,1.0,0.9980805770429184,"{'1-32': 1.0, '33-61': 1.0}",,0.0052132480536669,0.001151293876008,13.756346437090432,631.0793650793651,0.080059234578185,0.9652288711236344,0.0127929669989206,6.628531852401859e-07,0,1,0.564787699999215,113295360,2.171999999998661,0.2,686,3309,n64/random_legacy5_c701_s11145_d11245/checkpoint.npz,64,61,1.0,0.8050314465408805,159,1,60
brain1,701,11145,random,11245,61,202.6376137881291,,,True,0.9682539682539684,1.0,1.0,0.9922186052608636,"{'1-32': 1.0, '33-61': 1.0}",,0.0394852721318974,0.0340177064457073,9.609925444064924,108293.06349206348,0.2188845599574183,0.9971916157340044,0.0056985567151059,3.2582130632873767e-06,0,1,8.085519899999781,974618624,9.82800000000134,0.2,138639,15091983,n64/random_brain1_c701_s11145_d11245/checkpoint.npz,64,61,1.0,0.8050314465408805,159,1,60
legacy5,702,11145,random,11245,61,202.6376137881291,,,True,1.0,1.0,1.0,0.9981573922179268,"{'1-32': 1.0, '33-61': 1.0}",,0.0049074735540714,0.0009823754515955,12.920088022240954,629.3968253968254,0.0825119163311582,0.9748362830527728,0.0154474759002096,4.786080068884119e-07,0,1,0.493248599999788,112640000,1.7029999999995198,0.2,686,3241,n64/random_legacy5_c702_s11145_d11245/checkpoint.npz,64,61,1.0,0.8050314465408805,159,1,60
brain1,702,11145,random,11245,5,16.609640474436812,6.0,8.0,False,0.9682539682539684,0.9836065573770492,0.2786885245901639,0.934496127174408,"{'1-32': 0.375, '33-61': 0.1724137931034483}",,0.058559358004029,0.0490984814240404,8.742611323923926,104050.14285714286,0.2494886514101886,0.9957688653483304,0.0059792676535329,2.734153284175129e-06,0,1,9.363060399999084,796876800,10.938000000000102,0.2,138639,15091983,n64/random_brain1_c702_s11145_d11245/checkpoint.npz,64,61,0.08196721311475409,0.8050314465408805,159,1,4
legacy5,701,11146,random,11246,33,109.62362713128296,34.0,36.0,False,0.984126984126984,0.9836065573770492,0.5737704918032787,0.9316593659727792,"{'1-32': 1.0, '33-61': 0.10344827586206896}",,0.0145963285009913,0.0100732498505418,13.873625932173514,631.3174603174604,0.0797121569716321,0.9638166934222434,0.0135587167765878,5.688631903927639e-07,2,0,0.5395083000003069,113520640,1.936999999999898,0.2,686,3309,n64/random_legacy5_c701_s11146_d11246/checkpoint.npz,64,61,0.5409836065573771,0.8050314465408805,159,2,31
brain1,701,11146,random,11246,61,202.6376137881291,,,True,1.0,1.0,1.0,0.9966940555438736,"{'1-32': 1.0, '33-61': 1.0}",,0.008253372663775,0.0019534428599799,9.177398307623845,108658.50793650794,0.216248617369514,0.9968091935648846,0.0057471868321165,2.647558694060676e-06,2,0,8.283157500000016,994390016,9.875,0.2,138639,15091983,n64/random_brain1_c701_s11146_d11246/checkpoint.npz,64,61,1.0,0.8050314465408805,159,2,59
legacy5,702,11146,random,11246,40,132.8771237954945,41.0,43.0,False,0.984126984126984,0.9836065573770492,0.6721311475409836,0.9603993497051314,"{'1-32': 1.0, '33-61': 0.3103448275862069}",,0.0141312110765079,0.0098713686568015,14.599120211047698,629.4603174603175,0.0824193623027441,0.9666107407021508,0.0109632335844853,7.973609605448611e-07,2,0,0.4840918999998393,126734336,1.92200000000048,0.2,686,3241,n64/random_legacy5_c702_s11146_d11246/checkpoint.npz,64,61,0.6557377049180327,0.8050314465408805,159,2,38
brain1,702,11146,random,11246,61,202.6376137881291,,,True,1.0,1.0,1.0,0.997935142830028,"{'1-32': 1.0, '33-61': 1.0}",,0.0061738010453305,0.0012674225875063,9.091863141934205,101531.41269841268,0.2676561955985495,0.9968845075188778,0.0052538220718749,1.9227151580060126e-06,2,0,9.726501799999824,854392832,11.375,0.2,138639,15091983,n64/random_brain1_c702_s11146_d11246/checkpoint.npz,64,61,1.0,0.8050314465408805,159,2,59
legacy5,701,11142,random,11242,34,112.94555522617031,35.0,37.0,False,0.9921259842519684,0.992,0.344,0.9286079218636164,"{'1-32': 1.0, '33-64': 0.15625, '65-125': 0.09836065573770492}",,0.0425056004743098,0.0236393927407877,15.844607491662012,639.8897637795276,0.0672160877849452,0.9700779288566274,0.0147670965983207,5.483831768615535e-07,0,0,0.668597800000498,113848320,2.171999999998661,0.2,686,3309,n128/random_legacy5_c701_s11142_d11242/checkpoint.npz,128,125,0.272,0.5739910313901345,223,0,34
brain1,701,11142,random,11242,38,126.23326760571976,39.0,41.0,False,0.9133858267716536,0.92,0.384,0.8922312106929879,"{'1-32': 1.0, '33-64': 0.3125, '65-125': 0.09836065573770492}",,0.2006641608650924,0.1696572171341414,10.858443363833448,113894.03937007874,0.1784848464712041,0.996702792617999,0.0062354098924771,3.290143502547956e-06,0,0,12.2957204000013,854204416,14.093000000000757,0.2,138639,15091983,n128/random_brain1_c701_s11142_d11242/checkpoint.npz,128,125,0.304,0.5739910313901345,223,0,38
legacy5,702,11142,random,11242,125,415.24101186092025,,,True,1.0,1.0,1.0,0.9920566719934416,"{'1-32': 1.0, '33-64': 1.0, '65-125': 1.0}",,0.0183274767315298,0.0051767443054355,16.045250433745174,637.7244094488188,0.0703725809783981,0.9712034818565924,0.0147647670634664,6.804956487362181e-07,0,0,0.5841325000001234,113602560,1.92200000000048,0.2,686,3241,n128/random_legacy5_c702_s11142_d11242/checkpoint.npz,128,125,1.0,0.5739910313901345,223,0,125
brain1,702,11142,random,11242,33,109.62362713128296,34.0,36.0,False,0.9291338582677166,0.944,0.336,0.8727490697053358,"{'1-32': 1.0, '33-64': 0.09375, '65-125': 0.11475409836065574}",,0.1211094296428868,0.0922596564350956,10.092994832798192,109444.91338582676,0.2105762924874907,0.9949672483954056,0.0058633372045633,2.957696399181756e-06,0,0,17.230826200000593,854806528,18.984999999998763,0.2,138639,15091983,n128/random_brain1_c702_s11142_d11242/checkpoint.npz,128,125,0.264,0.5739910313901345,223,0,33
legacy5,701,11143,random,11243,52,172.74026093414284,53.0,55.0,False,0.952755905511811,0.952,0.472,0.9201007772157044,"{'1-32': 1.0, '33-64': 0.625, '65-125': 0.11475409836065574}",,0.0965871381979381,0.0719836822658584,15.152818438517158,639.7007874015748,0.0674915635545557,0.9659182199412552,0.0144218245863198,5.232865893176651e-07,0,0,0.5662455999990925,113651712,1.9219999999986608,0.2,686,3309,n128/random_legacy5_c701_s11143_d11243/checkpoint.npz,128,125,0.416,0.5739910313901345,223,0,52
brain1,701,11143,random,11243,1,3.321928094887362,2.0,4.0,False,0.9763779527559056,0.976,0.176,0.8988445686948754,"{'1-32': 0.3125, '33-64': 0.1875, '65-125': 0.09836065573770492}",,0.0892895224491625,0.064246014162328,10.83625498728042,114148.3622047244,0.1766504215644629,0.9967040583185076,0.0058025826502581,3.948898779255579e-06,0,0,18.36936400000013,829095936,19.936999999999895,0.2,138639,15091983,n128/random_brain1_c701_s11143_d11243/checkpoint.npz,128,125,0.008,0.5739910313901345,223,0,1
legacy5,702,11143,random,11243,39,129.55519570060713,40.0,42.0,False,0.9763779527559056,0.976,0.368,0.902261587843862,"{'1-32': 1.0, '33-64': 0.25, '65-125': 0.09836065573770492}",,0.100779157782682,0.0741336608338078,14.999393379717256,637.7244094488188,0.0703725809783981,0.9597816297459258,0.0123350784824731,7.556536340045103e-07,0,0,0.5272411000005377,114200576,1.95299999999952,0.2,686,3241,n128/random_legacy5_c702_s11143_d11243/checkpoint.npz,128,125,0.312,0.5739910313901345,223,0,39
brain1,702,11143,random,11243,69,229.213038547228,70.0,72.0,False,0.9212598425196852,0.928,0.568,0.9380091554533552,"{'1-32': 1.0, '33-64': 1.0, '65-125': 0.11475409836065574}",,0.1618746590883313,0.1287070157201881,9.762410748887005,110438.40157480317,0.203410284445191,0.9949446016116432,0.0055521157920803,2.1250375348829734e-06,0,0,20.20618420000028,867020800,21.813000000000105,0.2,138639,15091983,n128/random_brain1_c702_s11143_d11243/checkpoint.npz,128,125,0.552,0.5739910313901345,223,0,69
legacy5,701,11144,random,11244,33,109.62362713128296,34.0,36.0,False,0.984251968503937,0.984,0.368,0.927724089137883,"{'1-32': 1.0, '33-64': 0.28125, '65-125': 0.08196721311475409}",,0.054846310491774,0.0328116875129082,15.274318596660189,639.7165354330708,0.0674686072404215,0.96925096171,0.0143769349951101,6.337078263438e-07,0,1,0.6089692000005016,113676288,2.1710000000002765,0.2,686,3309,n128/random_legacy5_c701_s11144_d11244/checkpoint.npz,128,125,0.264,0.5739910313901345,223,1,32
brain1,701,11144,random,11244,46,152.80869236481865,47.0,49.0,False,0.952755905511811,0.96,0.392,0.9109603634805752,"{'1-32': 1.0, '33-64': 0.46875, '65-125': 0.03278688524590164}",,0.0954384840165186,0.0685833550855692,10.684380106237118,108514.61417322834,0.2172865198592867,0.9969170715602956,0.0058312101922633,2.6470170242870977e-06,0,1,18.69361209999988,854355968,20.42200000000048,0.2,138639,15091983,n128/random_brain1_c701_s11144_d11244/checkpoint.npz,128,125,0.368,0.5739910313901345,223,1,45
legacy5,702,11144,random,11244,57,189.34990140857963,58.0,60.0,False,0.968503937007874,0.968,0.512,0.9142766750617546,"{'1-32': 1.0, '33-64': 0.78125, '65-125': 0.11475409836065574}",,0.0938450265690119,0.0686612275739901,15.129236733113627,637.7637795275591,0.0703151901930625,0.9742004179803868,0.0129568294606597,6.357173090323027e-07,0,1,0.5896351000010327,113627136,1.95299999999952,0.2,686,3241,n128/random_legacy5_c702_s11144_d11244/checkpoint.npz,128,125,0.456,0.5739910313901345,223,1,56
brain1,702,11144,random,11244,48,159.4525485545934,49.0,51.0,False,0.9448818897637796,0.952,0.456,0.8869843362675096,"{'1-32': 1.0, '33-64': 0.65625, '65-125': 0.06557377049180328}",,0.141092190889499,0.1082299896714687,10.616161920610088,106999.30708661418,0.2282163959159098,0.9972377741672808,0.0056819092289339,1.633187439231838e-06,0,1,18.90512789999957,854761472,20.57799999999952,0.2,138639,15091983,n128/random_brain1_c702_s11144_d11244/checkpoint.npz,128,125,0.384,0.5739910313901345,223,1,47
legacy5,701,11145,random,11245,125,415.24101186092025,,,True,1.0,1.0,1.0,0.9796540461818932,"{'1-32': 1.0, '33-64': 1.0, '65-125': 1.0}",,0.0325468469423149,0.0142587408537745,15.029462486865617,639.6062992125984,0.0676293014393609,0.9663319812498428,0.0128644577811975,6.408303727703516e-07,1,1,0.5552242999983719,113508352,1.9530000000013388,0.2,686,3309,n128/random_legacy5_c701_s11145_d11245/checkpoint.npz,128,125,1.0,0.5739910313901345,223,1,124
brain1,701,11145,random,11245,33,109.62362713128296,34.0,36.0,False,0.9291338582677166,0.944,0.368,0.8674614601167969,"{'1-32': 1.0, '33-64': 0.125, '65-125': 0.16393442622950818}",,0.1651857678107392,0.1377860279739972,11.351127698030666,111656.70078740155,0.1946227195276829,0.9975531527954444,0.0058427698343838,2.9774387251451106e-06,1,1,17.947270200000276,720240640,19.57799999999952,0.2,138639,15091983,n128/random_brain1_c701_s11145_d11245/checkpoint.npz,128,125,0.264,0.5739910313901345,223,1,32
legacy5,702,11145,random,11245,89,295.65160044497526,90.0,92.0,False,0.9921259842519684,0.992,0.768,0.9575621842948212,"{'1-32': 1.0, '33-64': 1.0, '65-125': 0.5245901639344263}",,0.0352104510148607,0.0168889679766711,13.883484889687228,637.7637795275591,0.0703151901930625,0.974232317662718,0.0148707993134079,6.452206834411564e-07,1,1,0.5536061999991944,113336320,1.9539999999997235,0.2,686,3241,n128/random_legacy5_c702_s11145_d11245/checkpoint.npz,128,125,0.712,0.5739910313901345,223,1,88
brain1,702,11145,random,11245,99,328.87088139384883,100.0,102.0,False,0.968503937007874,0.984,0.824,0.929346437426451,"{'1-32': 1.0, '33-64': 1.0, '65-125': 0.639344262295082}",,0.0817958908789195,0.063210755138733,9.913549900412493,108224.81102362204,0.2193768634826992,0.9962285742033976,0.005925668853565,1.7662216038361732e-06,1,1,17.320468299998538,788406272,18.85900000000038,0.2,138639,15091983,n128/random_brain1_c702_s11145_d11245/checkpoint.npz,128,125,0.792,0.5739910313901345,223,1,98
legacy5,701,11146,random,11246,53,176.0621890290302,54.0,56.0,False,0.9763779527559056,0.976,0.464,0.9065326630386664,"{'1-32': 1.0, '33-64': 0.6875, '65-125': 0.06557377049180328}",,0.0768593866772736,0.0562762960803994,15.632310479176722,639.7244094488188,0.0674571290833544,0.964348280471108,0.0133988768064989,5.832694710660897e-07,2,0,0.5594426000006933,113639424,1.95299999999952,0.2,686,3309,n128/random_legacy5_c701_s11146_d11246/checkpoint.npz,128,125,0.424,0.5739910313901345,223,2,51
brain1,701,11146,random,11246,38,126.23326760571976,39.0,41.0,False,0.9133858267716536,0.928,0.384,0.8799620354769879,"{'1-32': 1.0, '33-64': 0.3125, '65-125': 0.09836065573770492}",,0.164725621697735,0.1405202932016935,11.05764455218403,112002.9842519685,0.1921249846582238,0.9969425352984308,0.005731555288877,2.723603898241392e-06,2,0,17.40707079999993,854704128,19.063000000000105,0.2,138639,15091983,n128/random_brain1_c701_s11146_d11246/checkpoint.npz,128,125,0.304,0.5739910313901345,223,2,36
legacy5,702,11146,random,11246,125,415.24101186092025,,,True,1.0,1.0,1.0,0.9776436396891528,"{'1-32': 1.0, '33-64': 1.0, '65-125': 1.0}",,0.0327376524022265,0.0143862251911207,16.487130956134475,637.7952755905512,0.0702692775647941,0.9661802090630326,0.0110458425871515,7.646588433184433e-07,2,0,0.5549315000007482,119971840,1.95299999999952,0.2,686,3241,n128/random_legacy5_c702_s11146_d11246/checkpoint.npz,128,125,1.0,0.5739910313901345,223,2,123
brain1,702,11146,random,11246,80,265.754247590989,81.0,83.0,False,0.952755905511811,0.96,0.672,0.9281592279819956,"{'1-32': 1.0, '33-64': 1.0, '65-125': 0.32786885245901637}",,0.1113372568511996,0.0812043575309028,11.008897632371362,104040.84251968504,0.2495557345358445,0.9971856359216434,0.0052860991401521,2.691517621039512e-06,2,0,17.557062699999733,889012224,19.09399999999914,0.2,138639,15091983,n128/random_brain1_c702_s11146_d11246/checkpoint.npz,128,125,0.64,0.5739910313901345,223,2,78
legacy5,701,11142,random,11242,35,116.26748332105768,36.0,38.0,False,0.7254901960784313,0.7272727272727273,0.217391304347826,0.7585506105534777,"{'1-32': 1.0, '33-64': 0.28125, '65-128': 0.09375, '129-253': 0.064}",,0.6815525002162386,0.6589003998270806,15.822781154846666,643.9607843137255,0.0612816555193505,0.9703223548182196,0.0148184767305664,5.103095544353087e-07,0,0,0.7482490000002144,119652352,2.17200000000048,0.2,686,3309,n256/random_legacy5_c701_s11142_d11242/checkpoint.npz,256,253,0.1383399209486166,0.3646723646723647,351,0,35
brain1,701,11142,random,11242,34,112.94555522617031,35.0,37.0,False,0.6470588235294118,0.6482213438735178,0.2490118577075099,0.7685724317633914,"{'1-32': 1.0, '33-64': 0.1875, '65-128': 0.046875, '129-253': 0.176}",,0.8722444680466139,0.8434867515584052,11.30298571787064,115818.36862745098,0.1646047026633849,0.9969236192027818,0.0062702394045356,4.5728595863771385e-06,0,0,29.276918999999907,854757376,30.953999999999724,0.2,138639,15091983,n256/random_brain1_c701_s11142_d11242/checkpoint.npz,256,253,0.13438735177865613,0.3646723646723647,351,0,34
legacy5,702,11142,random,11242,33,109.62362713128296,34.0,36.0,False,0.6823529411764706,0.6798418972332015,0.2015810276679842,0.7792221012064381,"{'1-32': 1.0, '33-64': 0.15625, '65-128': 0.0625, '129-253': 0.08}",,0.7193910653095597,0.6961807192068425,16.096288510188316,641.878431372549,0.064317155433602,0.972240757794162,0.0144959705343125,5.139743775912959e-07,0,0,0.7378783999993175,122744832,2.1710000000002765,0.2,686,3241,n256/random_legacy5_c702_s11142_d11242/checkpoint.npz,256,253,0.13043478260869565,0.3646723646723647,351,0,33
brain1,702,11142,random,11242,37,122.9113395108324,38.0,40.0,False,0.6705882352941176,0.6679841897233202,0.2134387351778656,0.7408160944713906,"{'1-32': 1.0, '33-64': 0.1875, '65-128': 0.109375, '129-253': 0.072}",,0.8159939914295954,0.7891399022691582,10.399989686814836,110661.87843137256,0.2017983508870335,0.9954411225169304,0.0058686141425563,1.9355814452523e-06,0,0,33.28517269999975,643883008,34.98500000000058,0.2,138639,15091983,n256/random_brain1_c702_s11142_d11242/checkpoint.npz,256,253,0.14624505928853754,0.3646723646723647,351,0,37
legacy5,701,11143,random,11243,33,109.62362713128296,34.0,36.0,False,0.7607843137254902,0.7628458498023716,0.2213438735177865,0.7364911704161116,"{'1-32': 1.0, '33-64': 0.0625, '65-128': 0.140625, '129-253': 0.104}",,0.6652882136648469,0.642208035590936,15.232184950456483,643.8666666666667,0.0614188532555879,0.968262565588364,0.0147653259378329,5.455267492348028e-07,0,0,0.7208764999995765,113332224,1.9689999999991412,0.2,686,3309,n256/random_legacy5_c701_s11143_d11243/checkpoint.npz,256,253,0.13043478260869565,0.3646723646723647,351,0,33
brain1,701,11143,random,11243,17,56.47277761308516,18.0,20.0,False,0.6588235294117647,0.6600790513833992,0.1739130434782608,0.6448142737027542,"{'1-32': 0.65625, '33-64': 0.09375, '65-128': 0.125, '129-253': 0.096}",,0.8783575811523395,0.8514785336339301,11.372145389399456,116232.21176470588,0.1616196613888886,0.9968764750345104,0.0058861669970396,2.6112385098380497e-06,0,0,32.26232879999952,672694272,33.84300000000076,0.2,138639,15091983,n256/random_brain1_c701_s11143_d11243/checkpoint.npz,256,253,0.06719367588932806,0.3646723646723647,351,0,17
legacy5,702,11143,random,11243,32,106.3016990363956,33.0,35.0,False,0.7137254901960784,0.7114624505928854,0.2213438735177865,0.7785336552066748,"{'1-32': 1.0, '33-64': 0.09375, '65-128': 0.140625, '129-253': 0.096}",,0.6699617206548544,0.6463425914652366,14.991615524265166,641.878431372549,0.064317155433602,0.95879893367113,0.012305809186251,8.474464597099415e-07,0,0,0.7405944999991334,126480384,2.1569999999992437,0.2,686,3241,n256/random_legacy5_c702_s11143_d11243/checkpoint.npz,256,253,0.12648221343873517,0.3646723646723647,351,0,32
brain1,702,11143,random,11243,32,106.3016990363956,33.0,35.0,False,0.6745098039215687,0.6719367588932806,0.2015810276679842,0.8165968082670593,"{'1-32': 1.0, '33-64': 0.0625, '65-128': 0.078125, '129-253': 0.096}",,0.8323211268543697,0.8040816849251021,10.22046337694337,112679.06274509804,0.1872484456386872,0.9950877745032936,0.0055850093529292,2.7698683696567765e-06,0,0,31.133188699999664,854818816,32.73500000000058,0.2,138639,15091983,n256/random_brain1_c702_s11143_d11243/checkpoint.npz,256,253,0.12648221343873517,0.3646723646723647,351,0,32
legacy5,701,11144,random,11244,34,112.94555522617031,35.0,37.0,False,0.7607843137254902,0.758893280632411,0.2055335968379446,0.7910075179554525,"{'1-32': 1.0, '33-64': 0.1875, '65-128': 0.078125, '129-253': 0.072}",,0.6009645658544291,0.5669093147938165,15.593462701263778,643.8745098039216,0.0614074201109015,0.9686586527777156,0.0145936098532751,5.262866544551248e-07,0,1,0.7405858999991324,125329408,2.186999999999898,0.2,686,3309,n256/random_legacy5_c701_s11144_d11244/checkpoint.npz,256,253,0.13438735177865613,0.3646723646723647,351,1,33
brain1,701,11144,random,11244,18,59.79470570797252,19.0,21.0,False,0.615686274509804,0.616600790513834,0.1541501976284585,0.7760643070003105,"{'1-32': 0.59375, '33-64': 0.0625, '65-128': 0.03125, '129-253': 0.128}",,0.9357723220117872,0.9112415941495088,11.49062361325775,110802.30588235294,0.2007854508301925,0.9970946663478064,0.00590083601833,2.9136182967784663e-06,0,1,31.388350499999436,854028288,33.03100000000086,0.2,138639,15091983,n256/random_brain1_c701_s11144_d11244/checkpoint.npz,256,253,0.07114624505928854,0.3646723646723647,351,1,17
legacy5,702,11144,random,11244,5,16.609640474436812,6.0,8.0,False,0.615686274509804,0.616600790513834,0.150197628458498,0.6127931787782461,"{'1-32': 0.21875, '33-64': 0.09375, '65-128': 0.171875, '129-253': 0.136}",,1.0320811245047892,1.0144983748802248,15.6321750210232,641.8980392156863,0.0642885725718859,0.9752615868655852,0.0130502006470361,5.833718129282109e-07,0,1,0.7421252000003733,113442816,2.15599999999904,0.2,686,3241,n256/random_legacy5_c702_s11144_d11244/checkpoint.npz,256,253,0.019762845849802372,0.3646723646723647,351,1,4
brain1,702,11144,random,11244,32,106.3016990363956,33.0,35.0,False,0.5843137254901961,0.5849802371541502,0.233201581027668,0.6914162459048391,"{'1-32': 1.0, '33-64': 0.125, '65-128': 0.15625, '129-253': 0.104}",,0.9799880048295092,0.9566917552484404,11.53060913083408,109031.9137254902,0.2135552497818781,0.9973445734779336,0.0057392871572614,2.5371120762935384e-06,0,1,31.82573820000107,855105536,33.46900000000096,0.2,138639,15091983,n256/random_brain1_c702_s11144_d11244/checkpoint.npz,256,253,0.12648221343873517,0.3646723646723647,351,1,31
legacy5,701,11145,random,11245,12,39.86313713864835,13.0,15.0,False,0.6313725490196078,0.6324110671936759,0.1264822134387351,0.7197570079395706,"{'1-32': 0.4375, '33-64': 0.0625, '65-128': 0.09375, '129-253': 0.08}",,0.8358831103503175,0.8178479570927539,15.200926814310368,643.8196078431373,0.0614874521237065,0.965796701370467,0.0131803828992332,6.487353050393174e-07,1,1,0.7405181000012817,124297216,2.17200000000048,0.2,686,3309,n256/random_legacy5_c701_s11145_d11245/checkpoint.npz,256,253,0.04743083003952569,0.3646723646723647,351,1,11
brain1,701,11145,random,11245,20,66.43856189774725,21.0,23.0,False,0.6235294117647059,0.6284584980237155,0.150197628458498,0.6931483370761699,"{'1-32': 0.65625, '33-64': 0.03125, '65-128': 0.171875, '129-253': 0.04}",,0.8968565448101694,0.8705945496942663,12.120802967484552,114857.4862745098,0.1715355255410828,0.9975511111700032,0.0059156270373571,2.241328453147872e-06,1,1,32.70596509999996,854224896,34.375,0.2,138639,15091983,n256/random_brain1_c701_s11145_d11245/checkpoint.npz,256,253,0.07905138339920949,0.3646723646723647,351,1,19
legacy5,702,11145,random,11245,41,136.19905189038184,42.0,44.0,False,0.7254901960784313,0.7272727272727273,0.2411067193675889,0.7852693882786862,"{'1-32': 1.0, '33-64': 0.3125, '65-128': 0.078125, '129-253': 0.112}",,0.6396435658087174,0.6113038841509971,14.308425508720632,641.8980392156863,0.0642885725718859,0.9727474807623268,0.014991535454631,4.499415829476451e-07,1,1,0.7356010000003153,115609600,2.1569999999992437,0.2,686,3241,n256/random_legacy5_c702_s11145_d11245/checkpoint.npz,256,253,0.16205533596837945,0.3646723646723647,351,1,40
brain1,702,11145,random,11245,9,29.89735285398626,10.0,12.0,False,0.6392156862745098,0.6403162055335968,0.1581027667984189,0.5959008295311482,"{'1-32': 0.28125, '33-64': 0.09375, '65-128': 0.171875, '129-253': 0.136}",,0.8906112554519177,0.8685969800363357,10.568634569562168,111177.92549019608,0.1980761150167262,0.9961489152587152,0.0059855625713041,2.445830213536702e-06,1,1,33.27731239999957,1023250432,35.03100000000086,0.2,138639,15091983,n256/random_brain1_c702_s11145_d11245/checkpoint.npz,256,253,0.03557312252964427,0.3646723646723647,351,1,8
legacy5,701,11146,random,11246,11,36.541209043760986,12.0,14.0,False,0.6549019607843137,0.6561264822134387,0.1857707509881423,0.5206097169216797,"{'1-32': 0.375, '33-64': 0.1875, '65-128': 0.1875, '129-253': 0.136}",,0.8522143852675621,0.8301553617823567,15.832357209729697,643.878431372549,0.0614017035385583,0.9654118418635932,0.0136418573856409,5.512026009661094e-07,2,0,0.8022832000006019,113561600,2.15599999999904,0.2,686,3309,n256/random_legacy5_c701_s11146_d11246/checkpoint.npz,256,253,0.043478260869565216,0.3646723646723647,351,2,9
brain1,701,11146,random,11246,33,109.62362713128296,34.0,36.0,False,0.6039215686274509,0.6086956521739131,0.2529644268774703,0.654458385902532,"{'1-32': 1.0, '33-64': 0.125, '65-128': 0.140625, '129-253': 0.152}",,0.91561056238479,0.889634401467568,11.87456940939373,114340.41568627451,0.1752651441060991,0.9969868290218328,0.0058141103372605,3.3642572285869404e-06,2,0,33.91672160000053,854433792,35.48500000000058,0.2,138639,15091983,n256/random_brain1_c701_s11146_d11246/checkpoint.npz,256,253,0.13043478260869565,0.3646723646723647,351,2,31
legacy5,702,11146,random,11246,20,66.43856189774725,21.0,23.0,False,0.6588235294117647,0.6561264822134387,0.1976284584980237,0.6899507558117641,"{'1-32': 0.625, '33-64': 0.125, '65-128': 0.15625, '129-253': 0.128}",,0.8441934615535726,0.8247227260935687,16.590811705357456,641.913725490196,0.064265706282513,0.9662741301391692,0.0108358695636501,8.163804542666587e-07,2,0,0.7132369999999355,128724992,2.1710000000002765,0.2,686,3241,n256/random_legacy5_c702_s11146_d11246/checkpoint.npz,256,253,0.07905138339920949,0.3646723646723647,351,2,18
brain1,702,11146,random,11246,32,106.3016990363956,33.0,35.0,False,0.6470588235294118,0.6442687747035574,0.217391304347826,0.3856749286758065,"{'1-32': 1.0, '33-64': 0.09375, '65-128': 0.09375, '129-253': 0.112}",,0.8063501298856707,0.7775497138602403,11.613448903318137,107432.3725490196,0.2250927044408889,0.997274407696157,0.0053071984471267,2.3824244110144e-06,2,0,32.98820290000003,854609920,34.61000000000058,0.2,138639,15091983,n256/random_brain1_c702_s11146_d11246/checkpoint.npz,256,253,0.12648221343873517,0.3646723646723647,351,2,30
legacy5,701,11142,random,11242,12,39.86313713864835,13.0,15.0,False,0.4344422700587084,0.4341846758349705,0.1218074656188605,0.5149715645599166,"{'1-32': 0.40625, '33-64': 0.25, '65-128': 0.046875, '129-509': 0.09973753280839895}",,1.4510263033431836,1.424587389327674,15.636732601519368,645.9843444227006,0.0583318594421273,0.970236346145858,0.0149021236303499,5.399589737110288e-07,0,0,1.096153399999821,114044928,2.5930000000007567,0.2,686,3309,n512/random_legacy5_c701_s11142_d11242/checkpoint.npz,512,509,0.023575638506876228,0.21087314662273476,607,0,12
brain1,701,11142,random,11242,33,109.62362713128296,34.0,36.0,False,0.436399217221135,0.4341846758349705,0.1532416502946954,0.4823737326394311,"{'1-32': 1.0, '33-64': 0.125, '65-128': 0.09375, '129-509': 0.09448818897637795}",,1.5165791992135778,1.4851615947642685,11.585527846787622,116683.58512720156,0.1583639154408097,0.9969857600289048,0.0063062206584616,4.3039078700906846e-06,0,0,53.87171469999885,854814720,55.65699999999924,0.2,138639,15091983,n512/random_brain1_c701_s11142_d11242/checkpoint.npz,512,509,0.06483300589390963,0.21087314662273476,607,0,33
legacy5,702,11142,random,11242,0,0.0,1.0,3.0,False,0.471624266144814,0.4695481335952848,0.1041257367387033,0.335721529344117,"{'1-32': 0.125, '33-64': 0.25, '65-128': 0.046875, '129-509': 0.09973753280839895}",,1.4441450752645684,1.414669806165218,15.940740627908871,643.9432485322897,0.0613072178829596,0.972761488364724,0.0146176461597092,6.050618712707322e-07,0,0,1.0778338000000076,114253824,2.375,0.2,686,3241,n512/random_legacy5_c702_s11142_d11242/checkpoint.npz,512,509,0.0,0.21087314662273476,607,0,0
brain1,702,11142,random,11242,2,6.643856189774724,3.0,5.0,False,0.3816046966731898,0.381139489194499,0.0903732809430255,0.3866810715072533,"{'1-32': 0.1875, '33-64': 0.15625, '65-128': 0.046875, '129-509': 0.08398950131233596}",,1.55190875792226,1.5257805367810182,10.383738764236316,111838.0313111546,0.1933147865236001,0.9955647190721824,0.0059056003822844,2.151684517149056e-06,0,0,49.61964620000072,854335488,51.14099999999962,0.2,138639,15091983,n512/random_brain1_c702_s11142_d11242/checkpoint.npz,512,509,0.003929273084479371,0.21087314662273476,607,0,2
legacy5,701,11143,random,11243,21,69.7604899926346,22.0,24.0,False,0.4461839530332681,0.4459724950884086,0.1532416502946954,0.4602103326053696,"{'1-32': 0.71875, '33-64': 0.15625, '65-128': 0.125, '129-509': 0.11023622047244094}",,1.453806732495132,1.4260011510672628,15.206770445290124,645.9373776908024,0.0584003240658858,0.9689831443000694,0.0147520453196501,5.638431796337224e-07,0,0,1.40308080000068,118964224,2.9840000000003783,0.2,686,3309,n512/random_legacy5_c701_s11143_d11243/checkpoint.npz,512,509,0.0412573673870334,0.21087314662273476,607,0,21
brain1,701,11143,random,11243,11,36.541209043760986,12.0,14.0,False,0.410958904109589,0.412573673870334,0.143418467583497,0.4106554368559382,"{'1-32': 0.40625, '33-64': 0.0625, '65-128': 0.09375, '129-509': 0.13648293963254593}",,1.5518669837687176,1.5233757643306969,11.682241787491131,116830.83561643836,0.1573018009619345,0.9969467733454744,0.0059059792273715,2.844242400409454e-06,0,0,30.64985470000101,855478272,32.1880000000001,0.2,138639,15091983,n512/random_brain1_c701_s11143_d11243/checkpoint.npz,512,509,0.021611001964636542,0.21087314662273476,607,0,11
legacy5,702,11143,random,11243,8,26.575424759098897,9.0,11.0,False,0.4696673189823874,0.4695481335952848,0.1001964636542239,0.3028008414184143,"{'1-32': 0.28125, '33-64': 0.09375, '65-128': 0.109375, '129-509': 0.08398950131233596}",,1.3707232309467814,1.3412229865248704,15.00362701355955,643.9432485322897,0.0613072178829596,0.9587964283775884,0.0122182352071979,6.953466900380071e-07,0,0,1.471422700000403,114262016,3.20299999999952,0.2,686,3241,n512/random_legacy5_c702_s11143_d11243/checkpoint.npz,512,509,0.015717092337917484,0.21087314662273476,607,0,8
brain1,702,11143,random,11243,16,53.1508495181978,17.0,19.0,False,0.3992172211350293,0.3968565815324165,0.1512770137524558,0.1912240772215391,"{'1-32': 0.53125, '33-64': 0.09375, '65-128': 0.1875, '129-509': 0.11811023622047244}",,1.515546479573251,1.4905138148234849,10.365297726894738,113704.69471624268,0.1798505852159734,0.9952396803670448,0.0055871497596814,1.7280911298854134e-06,0,0,31.460064600001715,854323200,33.07799999999952,0.2,138639,15091983,n512/random_brain1_c702_s11143_d11243/checkpoint.npz,512,509,0.03143418467583497,0.21087314662273476,607,0,16
legacy5,701,11144,random,11244,1,3.321928094887362,2.0,4.0,False,0.4598825831702544,0.4597249508840864,0.0982318271119842,0.5587224695468854,"{'1-32': 0.125, '33-64': 0.0625, '65-128': 0.09375, '129-509': 0.09973753280839895}",,1.4690243111796943,1.4428557485568183,15.407192439416267,645.9412915851271,0.0583946186805727,0.9692389801301872,0.0146481711663092,6.180116799218233e-07,0,1,1.502442999999403,114507776,3.17200000000048,0.2,686,3309,n512/random_legacy5_c701_s11144_d11244/checkpoint.npz,512,509,0.0019646365422396855,0.21087314662273476,607,1,0
brain1,701,11144,random,11244,2,6.643856189774724,3.0,5.0,False,0.4285714285714285,0.4282907662082514,0.1001964636542239,0.4511849525490665,"{'1-32': 0.25, '33-64': 0.03125, '65-128': 0.0625, '129-509': 0.09973753280839895}",,1.5229560429401674,1.4909459633335391,11.801478827450936,112529.37181996086,0.1883281629270201,0.9972294677601092,0.0059575046996395,2.816670509551799e-06,0,1,32.53510280000046,905568256,34.1869999999999,0.2,138639,15091983,n512/random_brain1_c701_s11144_d11244/checkpoint.npz,512,509,0.003929273084479371,0.21087314662273476,607,1,1
legacy5,702,11144,random,11244,12,39.86313713864835,13.0,15.0,False,0.4481409001956947,0.4459724950884086,0.1080550098231827,0.5103756541216319,"{'1-32': 0.4375, '33-64': 0.09375, '65-128': 0.09375, '129-509': 0.08398950131233596}",,1.4661864388082335,1.43660516496136,15.527709802862924,643.9530332681018,0.0612929544196767,0.9758512290160848,0.0130512910595781,5.51875273537938e-07,0,1,1.4979789999997593,114495488,3.188000000000102,0.2,686,3241,n512/random_legacy5_c702_s11144_d11244/checkpoint.npz,512,509,0.023575638506876228,0.21087314662273476,607,1,11
brain1,702,11144,random,11244,3,9.965784284662089,4.0,6.0,False,0.4344422700587084,0.4341846758349705,0.1080550098231827,0.4527752055855139,"{'1-32': 0.15625, '33-64': 0.09375, '65-128': 0.140625, '129-509': 0.09973753280839895}",,1.521482748692594,1.4965088045084023,11.789608997711046,110367.03326810176,0.203925062442013,0.9974135115131736,0.0057634091440652,2.6394129799005733e-06,0,1,62.18144049999864,854179840,63.95299999999952,0.2,138639,15091983,n512/random_brain1_c702_s11144_d11244/checkpoint.npz,512,509,0.005893909626719057,0.21087314662273476,607,1,2
legacy5,701,11145,random,11245,37,122.9113395108324,38.0,40.0,False,0.4520547945205479,0.4538310412573674,0.1787819253438114,0.5010395506409695,"{'1-32': 1.0, '33-64': 0.3125, '65-128': 0.109375, '129-509': 0.11023622047244094}",,1.4549328098825882,1.428705912259506,15.244821831275589,645.9119373776908,0.0584374090704215,0.9665899710440768,0.0133154322709866,6.36376915604232e-07,1,0,1.0551766000007774,114114560,2.375,0.2,686,3309,n512/random_legacy5_c701_s11145_d11245/checkpoint.npz,512,509,0.07269155206286837,0.21087314662273476,607,1,36
brain1,701,11145,random,11245,11,36.541209043760986,12.0,14.0,False,0.4383561643835616,0.4400785854616896,0.137524557956778,0.3971127638481367,"{'1-32': 0.53125, '33-64': 0.0, '65-128': 0.15625, '129-509': 0.11286089238845144}",,1.4473705368245533,1.4199506893791791,12.5415562617487,116060.5890410959,0.1628575722480982,0.9976361705918312,0.0059517449623397,2.8785040381421187e-06,1,0,57.19542700000056,771768320,58.85999999999876,0.2,138639,15091983,n512/random_brain1_c701_s11145_d11245/checkpoint.npz,512,509,0.021611001964636542,0.21087314662273476,607,1,10
legacy5,702,11145,random,11245,9,29.89735285398626,10.0,12.0,False,0.4305283757338551,0.4302554027504912,0.1277013752455795,0.5016495151570504,"{'1-32': 0.375, '33-64': 0.125, '65-128': 0.140625, '129-509': 0.10498687664041995}",,1.4610502401500711,1.431949018600777,14.289987464119813,643.9530332681018,0.0612929544196767,0.9713747013678145,0.0149893882267132,6.214832449029586e-07,1,0,1.0633020000004765,114257920,2.390000000001237,0.2,686,3241,n512/random_legacy5_c702_s11145_d11245/checkpoint.npz,512,509,0.01768172888015717,0.21087314662273476,607,1,8
brain1,702,11145,random,11245,0,0.0,1.0,3.0,False,0.3874755381604696,0.3889980353634578,0.0903732809430255,0.204552515836405,"{'1-32': 0.21875, '33-64': 0.0625, '65-128': 0.140625, '129-509': 0.07349081364829396}",,1.5282379125882792,1.5006575516191485,10.914009086266242,112585.31115459882,0.1879246737599172,0.9960867991551016,0.0059792647163425,1.2857227409738077e-06,1,0,60.70032560000072,854507520,62.3130000000001,0.2,138639,15091983,n512/random_brain1_c702_s11145_d11245/checkpoint.npz,512,509,0.0,0.21087314662273476,607,1,-1
legacy5,701,11146,random,11246,29,96.3359147517335,30.0,32.0,False,0.4735812133072407,0.4754420432220039,0.1493123772102161,0.6841083762418132,"{'1-32': 0.9375, '33-64': 0.15625, '65-128': 0.078125, '129-509': 0.09448818897637795}",,1.3347216057277853,1.303346417884388,15.698890005856658,645.9432485322897,0.0583917659879159,0.9655937611107498,0.0136276593439433,6.434525437048404e-07,2,0,1.1566292999996222,114327552,2.60899999999856,0.2,686,3309,n512/random_legacy5_c701_s11146_d11246/checkpoint.npz,512,509,0.05697445972495088,0.21087314662273476,607,2,27
brain1,701,11146,random,11246,2,6.643856189774724,3.0,5.0,False,0.410958904109589,0.4106090373280943,0.1198428290766208,0.4608512900272725,"{'1-32': 0.25, '33-64': 0.1875, '65-128': 0.09375, '129-509': 0.10761154855643044}",,1.5080666867574188,1.482985761252933,12.034018285860649,115780.84735812132,0.1648753427381809,0.9969442859931726,0.0058475709208846,2.3031932456407527e-06,2,0,63.533431399999245,934207488,65.1880000000001,0.2,138639,15091983,n512/random_brain1_c701_s11146_d11246/checkpoint.npz,512,509,0.003929273084479371,0.21087314662273476,607,2,0
legacy5,702,11146,random,11246,17,56.47277761308516,18.0,20.0,False,0.4520547945205479,0.4518664047151277,0.1218074656188605,0.399422672481418,"{'1-32': 0.5625, '33-64': 0.125, '65-128': 0.125, '129-509': 0.08398950131233596}",,1.4012764382683978,1.3721377998910598,16.483492847407398,643.9608610567515,0.0612815436490503,0.9657666332891915,0.0106622033351454,9.398680097991848e-07,2,0,1.116499699999622,129064960,2.593999999999141,0.2,686,3241,n512/random_legacy5_c702_s11146_d11246/checkpoint.npz,512,509,0.03339882121807466,0.21087314662273476,607,2,15
brain1,702,11146,random,11246,15,49.82892142331043,16.0,18.0,False,0.4070450097847358,0.4066797642436149,0.143418467583497,0.4334601185514578,"{'1-32': 0.59375, '33-64': 0.09375, '65-128': 0.125, '129-509': 0.11286089238845144}",,1.5004226345865554,1.47308422723122,12.008946124710032,109525.95499021526,0.2099917412112373,0.9973484408721972,0.0052734174228953,2.012693944305184e-06,2,0,61.4682202999993,854503424,63.15600000000086,0.2,138639,15091983,n512/random_brain1_c702_s11146_d11246/checkpoint.npz,512,509,0.029469548133595286,0.21087314662273476,607,2,13
