cohort,family,seed,control,exact_prefix_symbols_own_advantage,exact_prefix_symbols_coordinate_advantage,exact_prefix_symbols_incremental_attenuation,retention_own_advantage,retention_coordinate_advantage,retention_incremental_attenuation
confirmation,pi,681001,degree,-6.111111111111111,-3.5,2.6111111111111107,-0.15461807618670365,-0.08337046939988124,0.0712476067868224
confirmation,pi,681001,role,-5.5,-4.388888888888889,1.1111111111111107,-0.0907964040316982,-0.06314162417103597,0.027654779860662226
confirmation,pi,681002,degree,1.2777777777777786,4.333333333333332,3.0555555555555536,-0.04580896686159841,0.08315058479532167,0.12895955165692008
confirmation,pi,681002,role,-0.3888888888888893,1.5555555555555536,1.9444444444444429,-0.021040777619725004,0.040664019282440345,0.06170479690216535
confirmation,pi,681003,degree,-4.388888888888889,-0.6666666666666679,3.7222222222222214,0.03229166666666661,0.14077380952380958,0.10848214285714297
confirmation,pi,681003,role,-5.888888888888889,-3.0,2.8888888888888893,0.020730311355311337,0.09969983719983733,0.07896952584452599
confirmation,random,681001,degree,-0.5555555555555536,1.5,2.0555555555555536,0.01444416150298522,0.06672184025125227,0.052277678748267054
confirmation,random,681001,role,1.1111111111111107,0.055555555555557135,-1.0555555555555536,0.11352212602212608,0.06874098124098144,-0.044781144781144644
confirmation,random,681002,degree,-4.111111111111111,-3.0,1.1111111111111107,-0.13704755892255893,-0.10200968013468004,0.035037878787878896
confirmation,random,681002,role,-1.7777777777777786,-0.27777777777777857,1.5,-0.0641308922558923,-0.016940235690235617,0.047190656565656686
confirmation,random,681003,degree,-3.333333333333334,0.7777777777777786,4.1111111111111125,0.10492948672898084,0.29077939419495397,0.18584990746597313
confirmation,random,681003,role,-7.8888888888888875,-6.666666666666664,1.2222222222222232,0.1494984567901234,0.18981481481481477,0.04031635802469136
discovery,pi,680001,degree,-8.722222222222221,-7.6111111111111125,1.111111111111109,0.025950929152148694,0.04777632597754555,0.02182539682539686
discovery,pi,680001,role,-10.666666666666668,-5.166666666666666,5.500000000000002,0.05609774383843702,0.1873580527303249,0.1312603088918879
discovery,pi,680002,degree,-3.4444444444444464,0.7777777777777786,4.222222222222225,-0.09559407096171801,0.029977824463118696,0.1255718954248367
discovery,pi,680002,role,-1.5555555555555571,3.444444444444443,5.0,-0.019616596638655448,0.12426178804855292,0.14387838468720837
discovery,pi,680003,degree,8.833333333333332,9.499999999999998,0.6666666666666661,-0.12424115845168471,-0.05852130325814542,0.06571985519353929
discovery,pi,680003,role,4.888888888888889,5.8888888888888875,0.9999999999999982,-0.03571797139908606,0.008868986190967654,0.04458695759005371
discovery,pi,680004,degree,2.055555555555557,1.3333333333333357,-0.7222222222222214,0.014273056378319326,0.0031973874079136433,-0.011075668970405683
discovery,pi,680004,role,-0.27777777777777857,-0.6666666666666643,-0.38888888888888573,0.04721518200337205,0.02989697508311112,-0.017318206920260926
discovery,pi,680005,degree,-3.944444444444443,-1.3888888888888893,2.5555555555555536,-0.09826689514189513,-0.019089706589706656,0.07917718855218847
discovery,pi,680005,role,7.888888888888889,5.166666666666668,-2.7222222222222214,-0.08437800625300629,-0.17881192881192887,-0.09443392255892258
discovery,random,680001,degree,2.0555555555555536,6.388888888888889,4.333333333333336,-0.11460629232251396,0.06054166320115889,0.17514795552367285
discovery,random,680001,role,-2.4444444444444464,-1.0555555555555571,1.3888888888888893,0.019954899303895046,0.02901489186460493,0.009059992560709884
discovery,random,680002,degree,-7.833333333333332,-3.7777777777777786,4.055555555555554,-0.12084460220869953,0.031073923822402483,0.151918526031102
discovery,random,680002,role,-6.611111111111111,-2.5,4.111111111111111,0.05399959903769047,0.17005591196649733,0.11605631292880686
discovery,random,680003,degree,-7.222222222222221,-5.000000000000002,2.2222222222222197,-0.04436026936026938,0.002946127946127808,0.047306397306397185
discovery,random,680003,role,-11.166666666666668,-9.777777777777777,1.388888888888891,0.016351457840819483,0.010805752561071746,-0.005545705279747737
discovery,random,680004,degree,-4.333333333333332,0.05555555555555536,4.3888888888888875,-0.1391026668804447,0.011771150660039531,0.15087381754048423
discovery,random,680004,role,-4.5,-2.0,2.5,0.0001961975646186387,0.05608718766613502,0.05589099010151638
discovery,random,680005,degree,-7.944444444444446,-2.4999999999999982,5.444444444444448,-0.10150792503733685,0.02219080711727761,0.12369873215461447
discovery,random,680005,role,-5.666666666666668,-3.722222222222223,1.9444444444444446,-0.15114944967886146,-0.0954511855247151,0.05569826415414636
