level,circuit_seed,seed,dataset_seed,alphabet_size,exact_prefix_symbols,autonomous_prefix_bits,first_error_position,first_error_sequence_index,censored,next_digit_accuracy,teacher_forced_accuracy,autonomous_accuracy,mean_confidence,region_accuracy,effective_rank,active_neurons_mean,active_neurons_max,activity_sparsity,mean_observed_cosine,observed_mean_abs,observed_decay_ratio_32,train_loss,weighted_cross_entropy,readout_parameters,prefix_fraction,full_completion,majority_prefix,markov1_prefix,control_excess
legacy5,701,21142,22142,2,8,8.0,9.0,11.0,False,0.8661417322834646,0.864,0.488,0.7140105851374857,"{'1-32': 0.625, '33-64': 0.40625, '65-125': 0.45901639344262296}",3.6233013701688943,639.7480314960629,648,0.06742269461215311,0.9726166195604574,0.013438599725820214,6.127736348588143e-07,0.2535560287720783,0.24639699884460695,410,0.064,False,4,1,4
legacy5,701,21142,22142,4,37,74.0,38.0,40.0,False,0.8661417322834646,0.864,0.488,0.9554069708062264,"{'1-32': 1.0, '33-64': 0.34375, '65-125': 0.29508196721311475}",7.789419303655776,639.7480314960629,648,0.06742269461215311,0.9671402784065659,0.013996303657703034,5.871466497225235e-07,0.19252640408339242,0.17934309037489568,428,0.296,False,2,1,35
legacy5,701,21142,22142,10,32,106.30169903639559,33.0,35.0,False,0.9763779527559056,0.976,0.336,0.9112553132271565,"{'1-32': 1.0, '33-64': 0.125, '65-125': 0.09836065573770492}",15.692458158242827,639.7480314960629,648,0.06742269461215311,0.9674150637749607,0.012827738985095791,6.771364541666201e-07,0.09043018729044844,0.062394911437094545,482,0.256,False,2,0,30
legacy5,701,21142,22142,16,125,500.0,,,True,0.9921259842519685,1.0,1.0,0.9864114222354616,"{'1-32': 1.0, '33-64': 1.0, '65-125': 1.0}",19.722301125633976,639.7480314960629,648,0.06742269461215311,0.9682495505357688,0.013929724514228988,6.15305864429478e-07,0.038080214295541634,0.015913135031893448,536,1.0,True,0,0,125
brain1,701,21142,22142,2,36,36.0,37.0,39.0,False,0.9133858267716536,0.92,0.68,0.9545924743373526,"{'1-32': 1.0, '33-64': 0.71875, '65-125': 0.4918032786885246}",2.8081024593233432,116536.9842519685,121421,0.15942134426843457,0.9987067833643849,0.005803043861038266,3.183758041878948e-06,0.16190782862909003,0.15303363422343672,410,0.288,False,4,1,32
brain1,701,21142,22142,4,32,64.0,33.0,35.0,False,0.8503937007874016,0.864,0.44,0.8900205438117161,"{'1-32': 1.0, '33-64': 0.25, '65-125': 0.2459016393442623}",5.411901846977952,115388.35433070867,120795,0.16770638614885658,0.9979506635425982,0.0057961694244991315,3.0572512700646947e-06,0.25414697110892526,0.24110728612341395,428,0.256,False,2,1,30
brain1,701,21142,22142,10,69,229.213038547228,70.0,72.0,False,0.9606299212598425,0.968,0.608,0.9628567996517412,"{'1-32': 1.0, '33-64': 1.0, '65-125': 0.19672131147540983}",11.00419391637121,112179.92125984252,119124,0.19084874198571455,0.9974277919272814,0.005610645906073408,2.574610314961369e-06,0.09235110177248759,0.06629439628281816,482,0.552,False,2,0,67
brain1,701,21142,22142,16,125,500.0,,,True,0.984251968503937,1.0,1.0,0.9843274144783318,"{'1-32': 1.0, '33-64': 1.0, '65-125': 1.0}",14.608559851077073,114127.81102362205,122525,0.1767986567731875,0.997224182470263,0.0057202070840818055,2.3711718657496692e-06,0.05322933206416697,0.03212122868002561,536,1.0,True,0,0,125
legacy5,702,21142,22142,2,9,9.0,10.0,12.0,False,0.889763779527559,0.888,0.608,0.8799375737678481,"{'1-32': 0.71875, '33-64': 0.71875, '65-125': 0.4918032786885246}",5.125004482316151,637.6456692913385,646,0.07048736254906918,0.9928461697998094,0.009869556858834842,7.501912145412679e-07,0.16902866413566842,0.163785835372788,410,0.072,False,4,1,5
legacy5,702,21142,22142,4,37,74.0,38.0,40.0,False,0.8740157480314961,0.872,0.432,0.9134116847685738,"{'1-32': 1.0, '33-64': 0.28125, '65-125': 0.21311475409836064}",7.7622405611162275,637.6456692913385,646,0.07048736254906918,0.9615110881126282,0.009572741297136,9.028824488341704e-07,0.22453925458401175,0.21361582692052508,428,0.296,False,2,1,35
legacy5,702,21142,22142,10,117,388.66558710182136,118.0,120.0,False,0.9921259842519685,0.992,0.96,0.9610054656599298,"{'1-32': 1.0, '33-64': 1.0, '65-125': 0.9180327868852459}",15.86128526253943,637.6456692913385,646,0.07048736254906918,0.9687599122534208,0.01180419774898851,8.034128774484955e-07,0.051869489864386734,0.028700729545933758,482,0.936,False,2,0,115
legacy5,702,21142,22142,16,125,500.0,,,True,0.9921259842519685,1.0,1.0,0.9616588660643597,"{'1-32': 1.0, '33-64': 1.0, '65-125': 1.0}",20.111172344467164,637.6456692913385,646,0.07048736254906918,0.9680156761900398,0.012246401939648299,6.316973072638905e-07,0.05114396058458677,0.03203367435927037,536,1.0,True,0,0,125
brain1,702,21142,22142,2,37,37.0,38.0,40.0,False,0.8503937007874016,0.856,0.68,0.9129011276132533,"{'1-32': 1.0, '33-64': 0.59375, '65-125': 0.5573770491803278}",2.80755272265941,94514.17322834645,101486,0.31827138663473875,0.9987256822323292,0.00450220972296408,2.4510360840748086e-06,0.205011810499243,0.1920960574735124,410,0.296,False,4,1,33
brain1,702,21142,22142,4,32,64.0,33.0,35.0,False,0.8267716535433071,0.84,0.456,0.8728477036158814,"{'1-32': 1.0, '33-64': 0.1875, '65-125': 0.3114754098360656}",5.166520299049526,101791.67716535433,112790,0.265778913831214,0.9971224046109814,0.004602845045574555,1.3775460837913517e-06,0.28364714809422875,0.26940080367869296,428,0.256,False,2,1,30
brain1,702,21142,22142,10,48,159.4525485545934,49.0,51.0,False,0.952755905511811,0.952,0.424,0.8667151754882008,"{'1-32': 1.0, '33-64': 0.5, '65-125': 0.08196721311475409}",10.283671838240448,101841.20472440944,115478,0.2654216726576978,0.9968883647510423,0.005358665811618574,2.241714475251114e-06,0.12904944762535198,0.10200955654797925,482,0.384,False,2,0,46
brain1,702,21142,22142,16,125,500.0,,,True,0.9921259842519685,1.0,1.0,0.9792480437436575,"{'1-32': 1.0, '33-64': 1.0, '65-125': 1.0}",13.638111399993932,103811.47244094488,115521,0.2512101757734484,0.9968617450876266,0.0053781768392518366,1.7162243525157798e-06,0.04688364062629172,0.020196124230192288,536,1.0,True,0,0,125
legacy5,701,21143,22143,2,33,33.0,34.0,36.0,False,0.9133858267716536,0.912,0.672,0.8918247197908631,"{'1-32': 1.0, '33-64': 0.5, '65-125': 0.5901639344262295}",4.6800174695288534,639.7401574803149,648,0.06743417276922026,0.9890799728648472,0.014354014807507632,5.241661003433152e-07,0.1378193216236375,0.12737551041125958,410,0.264,False,0,1,32
legacy5,701,21143,22143,4,32,64.0,33.0,35.0,False,0.9212598425196851,0.92,0.416,0.8878983934994481,"{'1-32': 1.0, '33-64': 0.15625, '65-125': 0.2459016393442623}",7.854991831428368,639.7401574803149,648,0.06743417276922026,0.9779929511473988,0.01494315957937407,4.942030750822732e-07,0.1756067985627786,0.1668547415774162,428,0.256,False,0,0,32
legacy5,701,21143,22143,10,124,411.9190837660329,125.0,127.0,False,0.9921259842519685,0.992,0.992,0.9837289591491901,"{'1-32': 1.0, '33-64': 1.0, '65-125': 0.9836065573770492}",15.668073086451265,639.7401574803149,648,0.06743417276922026,0.9683518123358837,0.013212781840070329,6.228526737365023e-07,0.02631164702675242,0.01258285344745795,482,0.992,False,0,0,124
legacy5,701,21143,22143,16,38,152.0,39.0,41.0,False,0.9763779527559056,0.976,0.376,0.9201723232134589,"{'1-32': 1.0, '33-64': 0.3125, '65-125': 0.08196721311475409}",20.532688809413724,639.7401574803149,648,0.06743417276922026,0.9659026552155083,0.012781573893109835,6.157053670365478e-07,0.06392485272345674,0.041234531699528204,536,0.304,False,0,0,38
brain1,701,21143,22143,2,20,20.0,21.0,23.0,False,0.8346456692913385,0.84,0.592,0.8035676589959679,"{'1-32': 0.8125, '33-64': 0.5625, '65-125': 0.4918032786885246}",2.9757041343272874,113829.37007874016,119909,0.1789513046203438,0.9976129903995781,0.005932217663407317,2.237951007282713e-06,0.30782594601741187,0.301592960872517,410,0.16,False,0,1,19
brain1,701,21143,22143,4,32,64.0,33.0,35.0,False,0.8661417322834646,0.88,0.432,0.9124851034177216,"{'1-32': 1.0, '33-64': 0.1875, '65-125': 0.26229508196721313}",5.241708914517712,113504.55905511811,119644,0.18129415925448022,0.9961391727550601,0.005673934355376353,2.3567357202842543e-06,0.28183543256679494,0.26676650669483293,428,0.256,False,0,0,32
brain1,701,21143,22143,10,36,119.58941141594504,37.0,39.0,False,0.984251968503937,0.992,0.368,0.9269878791029843,"{'1-32': 1.0, '33-64': 0.25, '65-125': 0.09836065573770492}",10.731729798305874,112617.22047244094,119709,0.187694512565433,0.9962943974934728,0.005641556539209458,2.323497320353329e-06,0.06139568124097794,0.04310873459686519,482,0.288,False,0,0,36
brain1,701,21143,22143,16,125,500.0,,,True,0.984251968503937,1.0,1.0,0.9828485778969912,"{'1-32': 1.0, '33-64': 1.0, '65-125': 1.0}",14.033738773767016,113692.59842519685,120222,0.17993783549220022,0.9962761686087777,0.005586447635750098,2.6904598999553844e-06,0.05537805535440257,0.0332462239615416,536,1.0,True,0,0,125
legacy5,702,21143,22143,2,43,43.0,44.0,46.0,False,0.9448818897637795,0.944,0.648,0.970705314985729,"{'1-32': 1.0, '33-64': 0.65625, '65-125': 0.45901639344262296}",4.142918799793264,637.7874015748032,646,0.07028075572186121,0.9760129883887871,0.01220591966773814,6.009734632501822e-07,0.0742079900359739,0.06556200144164788,410,0.344,False,0,1,42
legacy5,702,21143,22143,4,64,128.0,65.0,67.0,False,0.9212598425196851,0.92,0.672,0.9054634044263962,"{'1-32': 1.0, '33-64': 1.0, '65-125': 0.32786885245901637}",7.781909452735949,637.7874015748032,646,0.07028075572186121,0.9697251038697923,0.01231089509736806,6.068076524762184e-07,0.13753750886281993,0.1269629144715672,428,0.512,False,0,0,64
legacy5,702,21143,22143,10,72,239.17882283189007,73.0,75.0,False,0.984251968503937,0.984,0.624,0.9817468174990837,"{'1-32': 1.0, '33-64': 1.0, '65-125': 0.22950819672131148}",15.00623904165194,637.7874015748032,646,0.07028075572186121,0.9657986789791531,0.01237258725535169,7.142114896674662e-07,0.045301907233890736,0.030268823916496986,482,0.576,False,0,0,72
legacy5,702,21143,22143,16,125,500.0,,,True,1.0,1.0,1.0,0.9926265671866277,"{'1-32': 1.0, '33-64': 1.0, '65-125': 1.0}",19.80010853710254,637.7874015748032,646,0.07028075572186121,0.9656284828596754,0.012553973101204496,6.741418411460496e-07,0.019252992426447284,0.004709886848297418,536,1.0,True,0,0,125
brain1,702,21143,22143,2,43,43.0,44.0,46.0,False,0.9291338582677166,0.928,0.632,0.9194763512263784,"{'1-32': 1.0, '33-64': 0.5625, '65-125': 0.47540983606557374}",2.781790727932496,115419.5748031496,121694,0.16748119358081348,0.9988997979227713,0.005582799270399707,3.696022612292434e-06,0.104150500296954,0.08830832271798683,410,0.344,False,0,1,42
brain1,702,21143,22143,4,32,64.0,33.0,35.0,False,0.937007874015748,0.944,0.384,0.8389937483644482,"{'1-32': 1.0, '33-64': 0.125, '65-125': 0.19672131147540983}",5.512248694577979,114671.8346456693,120103,0.17287462657932262,0.998400053084039,0.005414968250350916,3.2330916185428777e-06,0.13759001041272484,0.1180535830518104,428,0.256,False,0,0,32
brain1,702,21143,22143,10,99,328.87088139384883,100.0,102.0,False,0.984251968503937,0.984,0.824,0.9658558899062764,"{'1-32': 1.0, '33-64': 1.0, '65-125': 0.639344262295082}",10.500426419922388,111044.79527559056,117957,0.1990363802711318,0.9973553225556361,0.00545363021997439,3.512623370064435e-06,0.03968382492789054,0.02039582569251181,482,0.792,False,0,0,99
brain1,702,21143,22143,16,125,500.0,,,True,1.0,1.0,1.0,0.9823189407150874,"{'1-32': 1.0, '33-64': 1.0, '65-125': 1.0}",14.557778281140482,110979.52755905512,118866,0.19950715484780535,0.9972623751677476,0.005603863987350359,2.062617199992906e-06,0.03516923674606597,0.01124392818773861,536,1.0,True,0,0,125
legacy5,701,21144,22144,2,34,34.0,35.0,37.0,False,0.8582677165354331,0.856,0.64,0.8882642226021195,"{'1-32': 1.0, '33-64': 0.5, '65-125': 0.5245901639344263}",3.7071212295831204,639.7952755905512,648,0.06735382566975034,0.9688523808159634,0.011092673362346376,8.68663898394803e-07,0.19289149382848395,0.18408160285538416,410,0.272,False,0,0,34
legacy5,701,21144,22144,4,76,152.0,77.0,79.0,False,0.9606299212598425,0.968,0.712,0.9215715981953895,"{'1-32': 1.0, '33-64': 1.0, '65-125': 0.4098360655737705}",7.500905405581407,639.7952755905512,648,0.06735382566975034,0.966429974331911,0.013715430046252775,6.155777979221004e-07,0.09122049957644944,0.07336271503722754,428,0.608,False,0,2,74
legacy5,701,21144,22144,10,36,119.58941141594504,37.0,39.0,False,0.968503937007874,0.976,0.384,0.893383510966034,"{'1-32': 1.0, '33-64': 0.28125, '65-125': 0.11475409836065574}",14.623516490270264,639.7952755905512,648,0.06735382566975034,0.9683780792206537,0.014151050492728386,6.817010501037231e-07,0.11438172496601598,0.09506354056205824,482,0.288,False,0,0,36
legacy5,701,21144,22144,16,125,500.0,,,True,0.9921259842519685,1.0,1.0,0.9880132346077971,"{'1-32': 1.0, '33-64': 1.0, '65-125': 1.0}",19.87385493109414,639.7952755905512,648,0.06735382566975034,0.9662720776297806,0.013742466937235824,5.35619160988849e-07,0.035108840646681086,0.014591581677175888,536,1.0,True,0,1,124
brain1,701,21144,22144,2,11,11.0,12.0,14.0,False,0.8267716535433071,0.832,0.528,0.8310892780473018,"{'1-32': 0.75, '33-64': 0.53125, '65-125': 0.4098360655737705}",2.8643735821930574,106004.13385826771,113307,0.2353945581094229,0.9957141792240896,0.005341980789098452,2.7797827223828617e-06,0.2682048008153167,0.262561650981896,410,0.088,False,0,0,11
brain1,701,21144,22144,4,38,76.0,39.0,41.0,False,0.8661417322834646,0.88,0.504,0.894276745208742,"{'1-32': 1.0, '33-64': 0.46875, '65-125': 0.26229508196721313}",5.349331311404914,107461.58267716535,114059,0.22488201244119366,0.9958485744722633,0.0058199440363305155,3.068368353496725e-06,0.19065270266727086,0.17659650310273373,428,0.304,False,0,2,36
brain1,701,21144,22144,10,35,116.26748332105768,36.0,38.0,False,0.9448818897637795,0.96,0.384,0.8225048004910002,"{'1-32': 1.0, '33-64': 0.15625, '65-125': 0.18032786885245902}",10.474509208298409,107490.17322834645,115287,0.22467578943625932,0.995773548707183,0.005855129112598898,2.630032762988972e-06,0.09955397431027783,0.07560204389281963,482,0.28,False,0,0,35
brain1,701,21144,22144,16,70,280.0,71.0,73.0,False,0.984251968503937,0.992,0.616,0.9346323402125704,"{'1-32': 1.0, '33-64': 1.0, '65-125': 0.21311475409836064}",14.007731866118842,110518.78740157481,118087,0.20283046327819154,0.9957996132702523,0.005845614481158787,2.8802937001993376e-06,0.04812031103308811,0.025547829294428535,536,0.56,False,0,1,69
legacy5,702,21144,22144,2,33,33.0,34.0,36.0,False,0.9448818897637795,0.944,0.576,0.9491899633186884,"{'1-32': 1.0, '33-64': 0.53125, '65-125': 0.3770491803278688}",3.2722643119021986,637.7874015748032,646,0.07028075572186121,0.9734688059441651,0.013014594384181611,6.003949944450595e-07,0.0688050649508198,0.06006720678337752,410,0.264,False,0,0,33
legacy5,702,21144,22144,4,47,94.0,48.0,50.0,False,0.937007874015748,0.936,0.624,0.9198032556238264,"{'1-32': 1.0, '33-64': 0.65625, '65-125': 0.4098360655737705}",7.431403762937617,637.7874015748032,646,0.07028075572186121,0.9728192593330335,0.01375414228675308,6.313626821258519e-07,0.14953460673408586,0.13971246571431378,428,0.376,False,0,2,45
legacy5,702,21144,22144,10,48,159.4525485545934,49.0,51.0,False,0.9763779527559056,0.976,0.44,0.9278867680306844,"{'1-32': 1.0, '33-64': 0.53125, '65-125': 0.09836065573770492}",15.76481575115262,637.7874015748032,646,0.07028075572186121,0.9713762288914589,0.012369030648058736,6.804816815750316e-07,0.05861081543594177,0.036386128873893024,482,0.384,False,0,0,48
legacy5,702,21144,22144,16,54,216.0,55.0,57.0,False,0.968503937007874,0.976,0.512,0.9017820788943938,"{'1-32': 1.0, '33-64': 0.71875, '65-125': 0.14754098360655737}",20.230357521400666,637.7874015748032,646,0.07028075572186121,0.969402279215085,0.012958218580973985,6.732132188813171e-07,0.05513683531772321,0.03370819156796358,536,0.432,False,0,1,53
brain1,702,21144,22144,2,11,11.0,12.0,14.0,False,0.8818897637795275,0.888,0.52,0.8731299234651,"{'1-32': 0.59375, '33-64': 0.5, '65-125': 0.4918032786885246}",2.852223492021626,102391.84251968504,108151,0.2614499345805651,0.9988867627812184,0.0059048494291321476,2.281770676670489e-06,0.19903831858003077,0.183997721906151,410,0.088,False,0,0,11
brain1,702,21144,22144,4,0,0.0,1.0,3.0,False,0.8267716535433071,0.84,0.376,0.8288600285743783,"{'1-32': 0.28125, '33-64': 0.46875, '65-125': 0.3770491803278688}",5.381610344581115,104485.0157480315,113063,0.2463519229940241,0.998298976930572,0.0060661729866940736,2.739569150880145e-06,0.3136259732360712,0.30127400473243693,428,0.0,False,0,2,-2
brain1,702,21144,22144,10,43,142.84290808015658,44.0,46.0,False,0.9212598425196851,0.928,0.432,0.8493964022567561,"{'1-32': 1.0, '33-64': 0.40625, '65-125': 0.14754098360655737}",10.843545375170796,103341.53543307087,112850,0.2545998208796164,0.9976991390521732,0.005735525520068296,1.777331542852194e-06,0.16155250007721667,0.13390869229097763,482,0.344,False,0,0,43
brain1,702,21144,22144,16,34,136.0,35.0,37.0,False,0.9763779527559056,0.992,0.312,0.9077363446633017,"{'1-32': 1.0, '33-64': 0.09375, '65-125': 0.06557377049180328}",14.510903544993505,103030.12598425196,112709,0.2568460102550367,0.9970378732120302,0.0056533867957159496,2.622029742573555e-06,0.09103287460800866,0.06329583816089072,536,0.272,False,0,1,33
legacy5,701,21145,22145,2,7,7.0,8.0,10.0,False,0.8346456692913385,0.832,0.584,0.8238653940381192,"{'1-32': 0.625, '33-64': 0.59375, '65-125': 0.5573770491803278}",4.460510600885141,639.6929133858267,648,0.0675030417116228,0.9865031222646917,0.013305885413619878,5.638267079282292e-07,0.2837757926904706,0.274936555523046,410,0.056,False,0,1,6
legacy5,701,21145,22145,4,42,84.0,43.0,45.0,False,0.9606299212598425,0.96,0.464,0.8937681474626828,"{'1-32': 1.0, '33-64': 0.46875, '65-125': 0.18032786885245902}",7.738137896839843,639.6929133858267,648,0.0675030417116228,0.970459524997469,0.012460864972227533,6.195634103148315e-07,0.07226432640953784,0.06090090406463076,428,0.336,False,0,0,42
legacy5,701,21145,22145,10,125,415.24101186092025,,,True,0.9921259842519685,1.0,1.0,0.985060940351397,"{'1-32': 1.0, '33-64': 1.0, '65-125': 1.0}",15.063454176502535,639.6929133858267,648,0.0675030417116228,0.9645916703257653,0.013849534967950518,6.260911493219312e-07,0.029925985962276316,0.01394016174586642,482,1.0,True,0,1,124
legacy5,701,21145,22145,16,107,428.0,108.0,110.0,False,0.9921259842519685,0.992,0.856,0.9667699247500191,"{'1-32': 1.0, '33-64': 1.0, '65-125': 0.7049180327868853}",19.249290611364277,639.6929133858267,648,0.0675030417116228,0.9645351702337384,0.014626593698136342,6.192519158552217e-07,0.035154573355260815,0.015413926868047417,536,0.856,False,0,1,106
brain1,701,21145,22145,2,21,21.0,22.0,24.0,False,0.8031496062992126,0.808,0.656,0.8074159559769369,"{'1-32': 0.84375, '33-64': 0.5625, '65-125': 0.6065573770491803}",2.823413607675331,117938.28346456694,123213,0.1493138044520883,0.9974989620521425,0.005488288696022507,1.988814116263925e-06,0.2500702677381719,0.24176562666477958,410,0.168,False,0,1,20
brain1,701,21145,22145,4,37,74.0,38.0,40.0,False,0.8582677165354331,0.856,0.488,0.8985958094029651,"{'1-32': 1.0, '33-64': 0.375, '65-125': 0.2786885245901639}",5.401669265304755,114925.37795275591,120758,0.17104582438739524,0.995940689417208,0.005034521794544826,1.6806625043140294e-06,0.23106864940315258,0.21909451637136912,428,0.296,False,0,0,37
brain1,701,21145,22145,10,42,139.5209799852692,43.0,45.0,False,0.9133858267716536,0.92,0.392,0.8900323944284667,"{'1-32': 1.0, '33-64': 0.40625, '65-125': 0.06557377049180328}",10.030657434259954,115133.93700787402,121986,0.1695414925967872,0.9956778562825679,0.005801875874162443,2.0700465914948377e-06,0.20282398564835008,0.1766292762335564,482,0.336,False,0,1,41
brain1,701,21145,22145,16,36,144.0,37.0,39.0,False,0.9763779527559056,0.976,0.352,0.9011521428133142,"{'1-32': 1.0, '33-64': 0.1875, '65-125': 0.09836065573770492}",13.539256151190392,115614.82677165355,123743,0.16607284550773194,0.9959368711547257,0.005756690494194461,2.513769745272685e-06,0.06490927832974362,0.038025457898822605,536,0.288,False,0,1,35
legacy5,702,21145,22145,2,7,7.0,8.0,10.0,False,0.8267716535433071,0.824,0.568,0.8419639674045168,"{'1-32': 0.84375, '33-64': 0.4375, '65-125': 0.4918032786885246}",4.0590317448135504,637.6456692913385,646,0.07048736254906918,0.9895993480811992,0.013990444065270936,5.902492256888006e-07,0.2548545872687777,0.2483528826429891,410,0.056,False,0,1,6
legacy5,702,21145,22145,4,34,68.0,35.0,37.0,False,0.9291338582677166,0.928,0.464,0.9312217103207608,"{'1-32': 1.0, '33-64': 0.28125, '65-125': 0.2786885245901639}",8.105892274622382,637.6456692913385,646,0.07048736254906918,0.9819589097316115,0.012339735885629833,6.541688303169423e-07,0.11761150638720555,0.1080898442022357,428,0.272,False,0,0,34
legacy5,702,21145,22145,10,85,282.3638880654258,86.0,88.0,False,0.9921259842519685,0.992,0.728,0.9409638896521466,"{'1-32': 1.0, '33-64': 1.0, '65-125': 0.4426229508196721}",16.741220952446586,637.6456692913385,646,0.07048736254906918,0.9790591391727734,0.013233173230489129,6.745810384835063e-07,0.03331716003550908,0.016323761442090967,482,0.68,False,0,1,84
legacy5,702,21145,22145,16,125,500.0,,,True,1.0,1.0,1.0,0.9902316520054485,"{'1-32': 1.0, '33-64': 1.0, '65-125': 1.0}",20.622213850532134,637.6456692913385,646,0.07048736254906918,0.9692772184533545,0.012733930038144907,6.43786048060022e-07,0.022437230019251696,0.006537305932883825,536,1.0,True,0,1,124
brain1,702,21145,22145,2,7,7.0,8.0,10.0,False,0.8110236220472441,0.808,0.56,0.851491706684943,"{'1-32': 0.78125, '33-64': 0.5, '65-125': 0.47540983606557374}",2.71863225037782,104715.58267716535,112365,0.24468884890135278,0.9983727977359538,0.005608089428722219,1.947420232577755e-06,0.25546552187383975,0.24506321946741266,410,0.056,False,0,1,6
brain1,702,21145,22145,4,1,2.0,2.0,4.0,False,0.9212598425196851,0.92,0.392,0.8848878742770808,"{'1-32': 0.4375, '33-64': 0.375, '65-125': 0.3770491803278688}",5.254136233919824,101632.26771653544,110405,0.2669287306130639,0.9976701862072909,0.005433973959261487,2.2244843402663753e-06,0.1297184879786426,0.11588837283705494,428,0.008,False,0,0,1
brain1,702,21145,22145,10,109,362.09016234272246,110.0,112.0,False,0.968503937007874,0.976,0.888,0.9660336765285487,"{'1-32': 1.0, '33-64': 1.0, '65-125': 0.7704918032786885}",10.743126227245094,111650.61417322834,120908,0.19466662213930896,0.9970909675866106,0.005755535417502545,3.321982947445617e-06,0.0782855797596513,0.055364504273884695,482,0.872,False,0,1,108
brain1,702,21145,22145,16,57,228.0,58.0,60.0,False,0.984251968503937,0.992,0.464,0.9072973575413702,"{'1-32': 1.0, '33-64': 0.8125, '65-125': 0.0}",14.369967179668894,108437.74015748031,118530,0.21784101041207515,0.9963496217974707,0.005541299762906555,2.5336846438448064e-06,0.05746007704239235,0.031985961285971684,536,0.456,False,0,1,56
legacy5,701,21146,22146,2,38,38.0,39.0,41.0,False,0.905511811023622,0.904,0.672,0.9269258624747201,"{'1-32': 1.0, '33-64': 0.53125, '65-125': 0.5737704918032787}",4.559370403774834,639.7007874015748,648,0.06749156355455577,0.9882143110554418,0.012247486683127112,6.379451557924543e-07,0.11941605582319736,0.11007515901503184,410,0.304,False,0,0,38
legacy5,701,21146,22146,4,32,64.0,33.0,35.0,False,0.8031496062992126,0.8,0.392,0.8420609889026718,"{'1-32': 1.0, '33-64': 0.21875, '65-125': 0.16393442622950818}",8.26757890928996,639.7007874015748,648,0.06749156355455577,0.981408922246631,0.013456815793219286,5.886845099301513e-07,0.3192266565935102,0.30497871916216435,428,0.256,False,0,1,31
legacy5,701,21146,22146,10,60,199.31568569324173,61.0,63.0,False,0.984251968503937,0.984,0.568,0.9527457603134791,"{'1-32': 1.0, '33-64': 0.90625, '65-125': 0.16393442622950818}",16.382563915027347,639.7007874015748,648,0.06749156355455577,0.9758269497058478,0.013644150772828427,6.894761429380925e-07,0.06169272781430018,0.03765592145805818,482,0.48,False,0,0,60
legacy5,701,21146,22146,16,95,380.0,96.0,98.0,False,0.984251968503937,0.992,0.776,0.9603996027711361,"{'1-32': 1.0, '33-64': 1.0, '65-125': 0.5409836065573771}",20.771818202537972,639.7007874015748,648,0.06749156355455577,0.9690026667025151,0.013243719179914671,6.3864556350443e-07,0.040618051188267876,0.020948052973129787,536,0.76,False,0,0,95
brain1,701,21146,22146,2,28,28.0,29.0,31.0,False,0.8346456692913385,0.84,0.624,0.8921698369624296,"{'1-32': 0.90625, '33-64': 0.53125, '65-125': 0.5245901639344263}",2.867847347709677,116456.92125984252,121205,0.15999883683636984,0.9985612640643701,0.00546881452538976,3.005247120613772e-06,0.22358075375714048,0.213561320691241,410,0.224,False,0,0,28
brain1,701,21146,22146,4,21,42.0,22.0,24.0,False,0.8110236220472441,0.816,0.4,0.8297700300574005,"{'1-32': 0.84375, '33-64': 0.1875, '65-125': 0.2786885245901639}",5.266778103795839,115412.5748031496,120653,0.1675316844239384,0.9978008556982358,0.0057089619364587025,3.0721943487012516e-06,0.30735652581818235,0.2939219826847111,428,0.168,False,0,1,20
brain1,701,21146,22146,10,34,112.94555522617031,35.0,37.0,False,0.9763779527559056,0.976,0.296,0.9159995773821711,"{'1-32': 1.0, '33-64': 0.0625, '65-125': 0.04918032786885246}",10.711061379610346,112968.07086614173,120130,0.18516383653847956,0.9971860500506373,0.005932993424747361,2.9048406930755327e-06,0.07090697791043431,0.043788509210414925,482,0.272,False,0,0,34
brain1,701,21146,22146,16,117,468.0,118.0,120.0,False,0.984251968503937,0.992,0.936,0.9564948856646383,"{'1-32': 1.0, '33-64': 1.0, '65-125': 0.8688524590163934}",13.936884995391654,112944.37007874016,120962,0.18533478978685536,0.9969309111813829,0.005927505188009394,3.8014281933537204e-06,0.06709243623334084,0.03893050594625653,536,0.936,False,0,0,117
legacy5,702,21146,22146,2,38,38.0,39.0,41.0,False,0.9133858267716536,0.912,0.624,0.9168575495244005,"{'1-32': 1.0, '33-64': 0.65625, '65-125': 0.4098360655737705}",4.215000949380305,637.7086614173228,646,0.07039553729253234,0.9889074159205171,0.014317866840648698,5.890068448212731e-07,0.14868435514781328,0.1375651079698644,410,0.304,False,0,0,38
legacy5,702,21146,22146,4,33,66.0,34.0,36.0,False,0.84251968503937,0.848,0.432,0.8227688062901519,"{'1-32': 1.0, '33-64': 0.3125, '65-125': 0.19672131147540983}",7.623255156657622,637.7086614173228,646,0.07039553729253234,0.9686940824108901,0.011200725863129486,7.650298750267147e-07,0.2881932725815759,0.27571297650818233,428,0.264,False,0,1,32
legacy5,702,21146,22146,10,123,408.5971556711456,124.0,126.0,False,0.9921259842519685,0.992,0.992,0.9814400352209268,"{'1-32': 1.0, '33-64': 1.0, '65-125': 0.9836065573770492}",15.643762201982858,637.7086614173228,646,0.07039553729253234,0.9670578986119082,0.0117948770359359,6.67206505843332e-07,0.041275729231928175,0.02296257154930772,482,0.984,False,0,0,123
legacy5,702,21146,22146,16,112,448.0,113.0,115.0,False,0.9921259842519685,0.992,0.896,0.959670166076815,"{'1-32': 1.0, '33-64': 1.0, '65-125': 0.7868852459016393}",19.642908393342474,637.7086614173228,646,0.07039553729253234,0.9609059302650925,0.011014267475892016,6.817109802633111e-07,0.03907969420952778,0.019499522322286317,536,0.896,False,0,0,112
brain1,702,21146,22146,2,59,59.0,60.0,62.0,False,0.889763779527559,0.888,0.72,0.9589111473231187,"{'1-32': 1.0, '33-64': 0.875, '65-125': 0.4918032786885246}",2.9353016823808464,110639.05511811023,118942,0.20196297493410775,0.9980482935554364,0.005260233167528006,2.413296802086576e-06,0.12060635366860939,0.11235925240632792,410,0.472,False,0,0,59
brain1,702,21146,22146,4,38,76.0,39.0,41.0,False,0.8346456692913385,0.84,0.424,0.8387605035810242,"{'1-32': 1.0, '33-64': 0.3125, '65-125': 0.18032786885245902}",5.443171378517862,108625.22834645669,117570,0.21648866230673414,0.9971998441723706,0.0049473136246209,1.776925563524281e-06,0.25710090640258965,0.24365041833910478,428,0.304,False,0,1,37
brain1,702,21146,22146,10,36,119.58941141594504,37.0,39.0,False,0.9448818897637795,0.944,0.336,0.9526077200622074,"{'1-32': 1.0, '33-64': 0.15625, '65-125': 0.08196721311475409}",10.499676147750458,107781.53543307087,120955,0.2225742003832193,0.99620310284508,0.0052880616200944195,1.920347052846788e-06,0.10587888299221433,0.07917163401918514,482,0.288,False,0,0,36
brain1,702,21146,22146,16,66,264.0,67.0,69.0,False,0.984251968503937,0.984,0.576,0.9028371110011064,"{'1-32': 1.0, '33-64': 1.0, '65-125': 0.13114754098360656}",13.504560802554458,104795.0,117085,0.244116013531546,0.9960718938997942,0.0052438336476519475,2.229154098582241e-06,0.061125238484164825,0.031600717651060026,536,0.528,False,0,0,66
