cohort,block_index,seed,dataset_seed,family,circuit_seed,level,topology,calibration,strength,noise_seed,first_error_position,censored,exact_prefix_bits,clean_prefix,retention,exact_prefix_symbols,teacher_accuracy,expected_energy
confirmation,1,681002,691002,pi,702,legacy5,role,own,0.0003,699001,38,False,122.9113395108324,37,1.0,37,0.8781725888324873,5.699905165065095e-11
confirmation,1,681002,691002,pi,702,legacy5,role,own,0.0003,699002,38,False,122.9113395108324,37,1.0,37,0.883248730964467,5.699905165065095e-11
confirmation,1,681002,691002,pi,702,legacy5,role,own,0.0003,699003,38,False,122.9113395108324,37,1.0,37,0.8781725888324873,5.699905165065095e-11
confirmation,1,681002,691002,pi,702,legacy5,role,coordinate,0.0003,699001,38,False,122.9113395108324,37,1.0,37,0.8781725888324873,9.981487435203941e-11
confirmation,1,681002,691002,pi,702,legacy5,role,coordinate,0.0003,699002,38,False,122.9113395108324,37,1.0,37,0.883248730964467,9.981487435203941e-11
confirmation,1,681002,691002,pi,702,legacy5,role,coordinate,0.0003,699003,38,False,122.9113395108324,37,1.0,37,0.8781725888324873,9.981487435203941e-11
confirmation,1,681002,691002,pi,702,legacy5,role,own,0.03,699001,29,False,93.01398665684614,37,0.7567567567567568,28,0.8121827411167513,5.699905165065096e-07
confirmation,1,681002,691002,pi,702,legacy5,role,own,0.03,699002,38,False,122.9113395108324,37,1.0,37,0.8477157360406091,5.699905165065096e-07
confirmation,1,681002,691002,pi,702,legacy5,role,own,0.03,699003,38,False,122.9113395108324,37,1.0,37,0.8629441624365483,5.699905165065096e-07
confirmation,1,681002,691002,pi,702,legacy5,role,coordinate,0.03,699001,29,False,93.01398665684614,37,0.7567567567567568,28,0.7868020304568528,9.981487435203943e-07
confirmation,1,681002,691002,pi,702,legacy5,role,coordinate,0.03,699002,38,False,122.9113395108324,37,1.0,37,0.8375634517766497,9.981487435203943e-07
confirmation,1,681002,691002,pi,702,legacy5,role,coordinate,0.03,699003,37,False,119.58941141594504,37,0.972972972972973,36,0.817258883248731,9.981487435203943e-07
confirmation,1,681002,691002,pi,702,legacy5,role,own,0.3,699001,2,False,3.321928094887362,37,0.02702702702702703,1,0.39086294416243655,5.6999051650650954e-05
confirmation,1,681002,691002,pi,702,legacy5,role,own,0.3,699002,2,False,3.321928094887362,37,0.02702702702702703,1,0.39593908629441626,5.6999051650650954e-05
confirmation,1,681002,691002,pi,702,legacy5,role,own,0.3,699003,4,False,9.965784284662087,37,0.08108108108108109,3,0.41624365482233505,5.6999051650650954e-05
confirmation,1,681002,691002,pi,702,legacy5,role,coordinate,0.3,699001,2,False,3.321928094887362,37,0.02702702702702703,1,0.3299492385786802,9.981487435203942e-05
confirmation,1,681002,691002,pi,702,legacy5,role,coordinate,0.3,699002,2,False,3.321928094887362,37,0.02702702702702703,1,0.37055837563451777,9.981487435203942e-05
confirmation,1,681002,691002,pi,702,legacy5,role,coordinate,0.3,699003,2,False,3.321928094887362,37,0.02702702702702703,1,0.39086294416243655,9.981487435203942e-05
