seed,k,family,accuracy,reverse_markov_accuracy,frequency_accuracy,excess
810001,4,iid,0.9944999999999999,0.26,0.262,0.7324999999999999
810001,4,markov,0.982,0.519,0.234,0.46299999999999997
810001,4,motif,0.25,0.25,0.25,0.0
810001,10,iid,0.827,0.112,0.099,0.715
810001,10,markov,0.9544999999999999,0.522,0.11,0.43249999999999994
810001,10,motif,0.125,0.0,0.0,0.125
810001,16,iid,0.725,0.069,0.071,0.654
810001,16,markov,0.9115,0.524,0.075,0.3875
810001,16,motif,0.125,0.0,0.0,0.125
810002,4,iid,0.9964999999999999,0.264,0.245,0.7324999999999999
810002,4,markov,0.9935,0.523,0.226,0.4705
810002,4,motif,0.0625,0.125,0.125,-0.0625
810002,10,iid,0.8195,0.107,0.094,0.7125
810002,10,markov,0.9455,0.488,0.088,0.45749999999999996
810002,10,motif,0.25,0.0,0.0,0.25
810002,16,iid,0.716,0.061,0.066,0.6499999999999999
810002,16,markov,0.913,0.476,0.053,0.43700000000000006
810002,16,motif,0.0625,0.0,0.0,0.0625
810003,4,iid,0.9904999999999999,0.243,0.255,0.7355
810003,4,markov,0.9955,0.552,0.264,0.44349999999999995
810003,4,motif,0.625,0.25,0.25,0.375
810003,10,iid,0.858,0.102,0.104,0.754
810003,10,markov,0.96,0.524,0.093,0.43599999999999994
810003,10,motif,0.0625,0.125,0.125,-0.0625
810003,16,iid,0.707,0.058,0.059,0.648
810003,16,markov,0.9215,0.513,0.061,0.40850000000000003
810003,16,motif,0.0,0.0,0.0,0.0
