cohort,seed,dataset_seed,family,circuit_seed,level,topology,rho,noise_seed,strength,arm,reused_exposure,teacher_accuracy,mean_confidence,target_probability,expected_energy,injected_energy,clipped_energy,clipping_fraction,first_error_position,censored,exact_prefix_bits,clean_prefix,retention,exact_prefix_symbols
discovery,9146,9246,pi,701,legacy5,role,0.0,448001,0.0003,flat,False,0.7715736040609137,0.7423293220441605,0.6775406367135434,4.914584108936788e-11,4.983295550698934e-11,4.983295550698852e-11,0.0,14,False,43.18506523353571,13,1.0,13
discovery,9146,9246,pi,701,legacy5,role,0.0,448001,0.0003,training_sd,False,0.7715736040609137,0.7423476350516012,0.6775495878683223,4.9145841089367866e-11,5.068372500738092e-11,5.068372500738133e-11,0.0,14,False,43.18506523353571,13,1.0,13
discovery,9146,9246,pi,701,legacy5,role,0.0,448001,0.03,flat,False,0.7055837563451777,0.7239526785628042,0.6255032808516205,4.914584108936788e-07,4.983295550698937e-07,4.983295550698935e-07,0.0,14,False,43.18506523353571,13,1.0,13
discovery,9146,9246,pi,701,legacy5,role,0.0,448001,0.03,training_sd,False,0.7614213197969543,0.7307274301661918,0.6588342762207349,4.914584108936788e-07,5.068372500738093e-07,5.068372500738093e-07,0.0,14,False,43.18506523353571,13,1.0,13
discovery,9146,9246,pi,701,legacy5,role,0.0,448001,0.3,flat,False,0.29441624365482233,0.7429808146771909,0.2741458120213869,4.914584108936788e-05,4.9832955506989354e-05,4.9832955506989354e-05,0.0,2,False,3.321928094887362,13,0.07692307692307693,1
discovery,9146,9246,pi,701,legacy5,role,0.0,448001,0.3,training_sd,False,0.45685279187817257,0.7256971163444528,0.3948387794719465,4.914584108936787e-05,5.068372500738093e-05,5.068372500738093e-05,0.0,10,False,29.89735285398626,13,0.6923076923076923,9
discovery,9146,9246,pi,701,legacy5,role,0.0,448002,0.0003,flat,False,0.7715736040609137,0.7424229883685898,0.6775335661652272,4.914584108936788e-11,4.8909066791632325e-11,4.8909066791632545e-11,0.0,14,False,43.18506523353571,13,1.0,13
discovery,9146,9246,pi,701,legacy5,role,0.0,448002,0.0003,training_sd,False,0.7715736040609137,0.7424220520143598,0.6775441727202348,4.9145841089367866e-11,4.8484203936891044e-11,4.848420393689163e-11,0.0,14,False,43.18506523353571,13,1.0,13
discovery,9146,9246,pi,701,legacy5,role,0.0,448002,0.03,flat,False,0.7157360406091371,0.7192214244404037,0.6273184747494871,4.914584108936788e-07,4.890906679163233e-07,4.890906679163235e-07,0.0,14,False,43.18506523353571,13,1.0,13
discovery,9146,9246,pi,701,legacy5,role,0.0,448002,0.03,training_sd,False,0.766497461928934,0.7318064830986588,0.6601418729598488,4.914584108936788e-07,4.848420393689104e-07,4.848420393689104e-07,0.0,14,False,43.18506523353571,13,1.0,13
discovery,9146,9246,pi,701,legacy5,role,0.0,448002,0.3,flat,False,0.3096446700507614,0.7172209029516476,0.28956951456715146,4.914584108936788e-05,4.8909066791632353e-05,4.890906679163234e-05,0.0,2,False,3.321928094887362,13,0.07692307692307693,1
discovery,9146,9246,pi,701,legacy5,role,0.0,448002,0.3,training_sd,False,0.41624365482233505,0.6962225917401744,0.3873378408958273,4.914584108936787e-05,4.8484203936891034e-05,4.8484203936891034e-05,0.0,2,False,3.321928094887362,13,0.07692307692307693,1
discovery,9146,9246,pi,701,legacy5,role,0.0,448003,0.0003,flat,False,0.7715736040609137,0.7422559693929269,0.6775384128527904,4.914584108936788e-11,4.921784951554552e-11,4.921784951554475e-11,0.0,14,False,43.18506523353571,13,1.0,13
discovery,9146,9246,pi,701,legacy5,role,0.0,448003,0.0003,training_sd,False,0.7715736040609137,0.742338790249863,0.6775448883390454,4.9145841089367866e-11,4.996250133068734e-11,4.996250133068665e-11,0.0,14,False,43.18506523353571,13,1.0,13
discovery,9146,9246,pi,701,legacy5,role,0.0,448003,0.03,flat,False,0.700507614213198,0.7145783585098868,0.6195090379536058,4.914584108936788e-07,4.921784951554553e-07,4.921784951554552e-07,0.0,14,False,43.18506523353571,13,1.0,13
discovery,9146,9246,pi,701,legacy5,role,0.0,448003,0.03,training_sd,False,0.7563451776649747,0.7285529628213493,0.6575870445619068,4.914584108936788e-07,4.996250133068736e-07,4.996250133068733e-07,0.0,14,False,43.18506523353571,13,1.0,13
discovery,9146,9246,pi,701,legacy5,role,0.0,448003,0.3,flat,False,0.3147208121827411,0.7166136470252195,0.29371153160137015,4.914584108936788e-05,4.921784951554553e-05,4.921784951554553e-05,0.0,1,False,0.0,13,0.0,0
discovery,9146,9246,pi,701,legacy5,role,0.0,448003,0.3,training_sd,False,0.4263959390862944,0.7054545763105681,0.38024147238462375,4.914584108936787e-05,4.996250133068735e-05,4.996250133068736e-05,0.0,1,False,0.0,13,0.0,0
