level,arm,lag,accuracy_mean,accuracy_median,accuracy_sd,accuracy_bootstrap_lo,accuracy_bootstrap_hi,baseline_excess_mean,baseline_excess_median,baseline_excess_sd,baseline_excess_bootstrap_lo,baseline_excess_bootstrap_hi,chance_adjusted_mean,chance_adjusted_median,chance_adjusted_sd,chance_adjusted_bootstrap_lo,chance_adjusted_bootstrap_hi,frequency_accuracy_mean,frequency_accuracy_median,frequency_accuracy_sd,frequency_accuracy_bootstrap_lo,frequency_accuracy_bootstrap_hi,current_accuracy_mean,current_accuracy_median,current_accuracy_sd,current_accuracy_bootstrap_lo,current_accuracy_bootstrap_hi
brain5,dag_synaptic,0,1.0,1.0,0.0,1.0,1.0,0.0,0.0,0.0,0.0,0.0,1.0,1.0,0.0,1.0,1.0,0.09533333333333334,0.0945,0.0018929694486000928,0.09400000000000001,0.09749999999999999,1.0,1.0,0.0,1.0,1.0
brain5,dag_synaptic,1,1.0,1.0,0.0,1.0,1.0,0.8996666666666666,0.9,0.0005773502691896263,0.899,0.9,1.0,1.0,0.0,1.0,1.0,0.09533333333333334,0.0945,0.0018929694486000928,0.09400000000000001,0.09749999999999999,0.09483333333333333,0.0955,0.006525590650150637,0.08800000000000001,0.10100000000000002
brain5,dag_synaptic,2,1.0,1.0,0.0,1.0,1.0,0.895,0.9,0.008660254037844393,0.8850000000000001,0.9,1.0,1.0,0.0,1.0,1.0,0.09533333333333334,0.0945,0.0018929694486000928,0.09400000000000001,0.09749999999999999,0.10383333333333333,0.0995,0.00975106831754005,0.09700000000000002,0.115
brain5,dag_synaptic,3,0.34933333333333333,0.369,0.04255682475624014,0.3005,0.3785,0.24933333333333332,0.269,0.04255682475624014,0.20049999999999998,0.27849999999999997,0.277037037037037,0.2988888888888889,0.047285360840266834,0.22277777777777774,0.3094444444444444,0.09533333333333334,0.0945,0.0018929694486000928,0.09400000000000001,0.09749999999999999,0.09749999999999999,0.0985,0.0031224989991992017,0.09400000000000001,0.10000000000000002
brain5,dag_synaptic,4,0.103,0.1045,0.004924428900898049,0.09749999999999999,0.107,0.0008333333333333295,0.00449999999999999,0.008607167555783564,-0.008999999999999994,0.006999999999999992,0.0033333333333333257,0.004999999999999989,0.005471587667664498,-0.00277777777777778,0.007777777777777769,0.09549999999999999,0.0945,0.002179449471770339,0.09400000000000001,0.09800000000000002,0.09866666666666668,0.0975,0.007320063751999248,0.09200000000000001,0.1065
brain5,dag_synaptic,5,0.09749999999999999,0.0965,0.0036055512754639926,0.09449999999999999,0.10149999999999999,-0.007333333333333331,-0.009999999999999995,0.007847504911329035,-0.013499999999999998,0.0015000000000000013,-0.0027777777777777805,-0.0038888888888888922,0.004006168083848881,-0.006111111111111117,0.001666666666666668,0.09549999999999999,0.0945,0.002179449471770339,0.09400000000000001,0.09800000000000002,0.10366666666666667,0.1045,0.006788470618138766,0.09649999999999999,0.11
brain5,dag_synaptic,6,0.09683333333333333,0.101,0.011814539065631518,0.0835,0.106,-0.007166666666666664,-0.0034999999999999892,0.00814452781524708,-0.0165,-0.0015000000000000013,-0.0035185185185185215,0.001111111111111112,0.013127265628479464,-0.018333333333333333,0.006666666666666657,0.09549999999999999,0.0945,0.002179449471770339,0.09400000000000001,0.09800000000000002,0.10266666666666667,0.1045,0.0059651767227244246,0.09600000000000002,0.1075
brain5,dag_synaptic,7,0.09466666666666668,0.095,0.002020725942163692,0.09249999999999999,0.09649999999999999,-0.005666666666666671,-0.006000000000000005,0.002020725942163692,-0.007500000000000007,-0.003500000000000003,-0.005925925925925932,-0.00555555555555556,0.0022452510468485465,-0.00833333333333334,-0.003888888888888892,0.09549999999999999,0.0945,0.002179449471770339,0.09400000000000001,0.09800000000000002,0.09766666666666668,0.0975,0.003253203549323859,0.09449999999999999,0.10100000000000002
brain5,dag_synaptic,8,0.09583333333333333,0.097,0.002020725942163692,0.09349999999999999,0.09700000000000002,-0.0043333333333333375,-0.0030000000000000027,0.0023094010767585054,-0.007000000000000006,-0.0030000000000000027,-0.004629629629629634,-0.003333333333333336,0.002245251046848547,-0.00722222222222223,-0.003333333333333336,0.09549999999999999,0.0945,0.002179449471770339,0.09400000000000001,0.09800000000000002,0.09549999999999999,0.095,0.0047696960070847325,0.09100000000000001,0.10049999999999999
brain5,dag_synaptic,9,0.09516666666666666,0.093,0.004645786621588789,0.09200000000000001,0.10049999999999999,-0.004833333333333338,-0.007000000000000006,0.004645786621588789,-0.008000000000000007,0.0005000000000000004,-0.005370370370370375,-0.0077777777777777845,0.005161985135098654,-0.008888888888888896,0.000555555555555556,0.09533333333333334,0.0945,0.0018929694486000928,0.09400000000000001,0.09749999999999999,0.09800000000000002,0.0985,0.0008660254037844395,0.09700000000000002,0.09849999999999999
brain5,dag_synaptic,10,0.09749999999999999,0.098,0.0032787192621510034,0.09400000000000001,0.10049999999999999,-0.0025000000000000022,-0.0020000000000000018,0.0032787192621510034,-0.006000000000000005,0.0005000000000000004,-0.00277777777777778,-0.002222222222222224,0.0036430214023900035,-0.006666666666666672,0.000555555555555556,0.09533333333333334,0.0945,0.0018929694486000928,0.09400000000000001,0.09749999999999999,0.09549999999999999,0.0965,0.004092676385936228,0.09100000000000001,0.09900000000000002
brain5,dag_synaptic,11,0.10366666666666667,0.1055,0.010866615541802026,0.09200000000000001,0.1135,0.0036666666666666605,0.005499999999999991,0.010866615541802028,-0.008000000000000007,0.013499999999999998,0.004074074074074068,0.006111111111111101,0.01207401726866892,-0.008888888888888896,0.014999999999999998,0.09516666666666666,0.0945,0.0020816659994661348,0.09349999999999999,0.09749999999999999,0.09816666666666667,0.098,0.0017559422921421249,0.09649999999999999,0.10000000000000002
brain5,dag_synaptic,12,0.09999999999999999,0.101,0.010535653752852741,0.08900000000000001,0.11,-0.000833333333333334,0.0010000000000000009,0.009385272150200732,-0.01100000000000001,0.007500000000000007,-5.782411586589357e-18,0.001111111111111112,0.011706281947614156,-0.012222222222222233,0.011111111111111105,0.09500000000000001,0.0945,0.002291287847477922,0.09300000000000001,0.09749999999999999,0.09466666666666666,0.091,0.006788470618138765,0.09049999999999998,0.1025
brain5,dag_synaptic,13,0.10283333333333333,0.1005,0.008736894948054104,0.09549999999999999,0.1125,0.0028333333333333314,0.0005000000000000004,0.008736894948054104,-0.004500000000000004,0.012499999999999997,0.003148148148148145,0.000555555555555556,0.009707661053393449,-0.0050000000000000044,0.013888888888888886,0.09500000000000001,0.0945,0.002291287847477922,0.09300000000000001,0.09749999999999999,0.09716666666666667,0.0975,0.0030138568866708566,0.09400000000000001,0.10000000000000002
brain5,dag_synaptic,14,0.09749999999999999,0.097,0.0047696960070847255,0.09300000000000001,0.1025,-0.002500000000000007,-0.0030000000000000027,0.0047696960070847255,-0.007000000000000006,0.0024999999999999883,-0.0027777777777777853,-0.003333333333333336,0.005299662230094138,-0.007777777777777784,0.002777777777777765,0.09533333333333334,0.095,0.002020725942163692,0.09349999999999999,0.09749999999999999,0.09216666666666667,0.0965,0.008836477427874375,0.082,0.09800000000000002
brain5,dag_synaptic,15,0.09883333333333333,0.1005,0.012086493839543933,0.08600000000000001,0.11,-0.0015000000000000059,0.0,0.011821590417536892,-0.014000000000000012,0.009499999999999995,-0.001296296296296303,0.000555555555555556,0.013429437599493258,-0.015555555555555567,0.011111111111111105,0.09516666666666666,0.0945,0.0020816659994661348,0.09349999999999999,0.09749999999999999,0.09883333333333333,0.1005,0.002886751345948131,0.09549999999999999,0.10049999999999999
brain5,dag_synaptic,16,0.102,0.1025,0.005267826876426367,0.09649999999999999,0.107,-0.00366666666666667,0.0024999999999999883,0.011116804097101527,-0.0165,0.0030000000000000027,0.002222222222222214,0.002777777777777765,0.005853140973807074,-0.003888888888888892,0.007777777777777769,0.09516666666666666,0.0945,0.0020816659994661348,0.09349999999999999,0.09749999999999999,0.10433333333333333,0.104,0.008504900548115384,0.09600000000000002,0.113
brain5,dag_synaptic,17,0.10366666666666667,0.1055,0.0031754264805429365,0.10000000000000002,0.1055,-0.0005000000000000004,0.0,0.0037749172176353785,-0.004500000000000004,0.0030000000000000027,0.004074074074074068,0.006111111111111101,0.003528251645047707,0.0,0.006111111111111101,0.09516666666666666,0.0945,0.0020816659994661348,0.09349999999999999,0.09749999999999999,0.1035,0.1025,0.00606217782649107,0.09800000000000002,0.11
brain5,dag_synaptic,18,0.10149999999999999,0.101,0.0022912878474779146,0.09949999999999999,0.104,-0.0005000000000000004,0.0010000000000000009,0.005408326913195975,-0.006499999999999992,0.00399999999999999,0.0016666666666666629,0.001111111111111112,0.0025458753860865715,-0.000555555555555556,0.004444444444444433,0.09516666666666666,0.0945,0.0020816659994661348,0.09349999999999999,0.09749999999999999,0.10000000000000002,0.0985,0.005408326913195981,0.09549999999999999,0.106
brain5,dag_synaptic,19,0.10049999999999999,0.096,0.008231038816577163,0.09549999999999999,0.11,-0.003999999999999999,-0.0040000000000000036,0.009500000000000001,-0.013499999999999998,0.005500000000000005,0.0005555555555555508,-0.004444444444444448,0.009145598685085736,-0.0050000000000000044,0.011111111111111105,0.09516666666666666,0.0945,0.0020816659994661348,0.09349999999999999,0.09749999999999999,0.1025,0.1045,0.007697402159170325,0.09400000000000001,0.109
brain5,dag_synaptic,20,0.1035,0.105,0.004444097208657791,0.09849999999999999,0.107,0.0016666666666666635,0.0015000000000000013,0.0032532035493238517,-0.0015000000000000013,0.0049999999999999906,0.0038888888888888823,0.005555555555555545,0.004937885787397545,-0.001666666666666668,0.007777777777777769,0.09516666666666666,0.0945,0.0020816659994661348,0.09349999999999999,0.09749999999999999,0.10016666666666667,0.0985,0.004725815626252605,0.09649999999999999,0.1055
brain5,instantaneous,0,1.0,1.0,0.0,1.0,1.0,0.0,0.0,0.0,0.0,0.0,1.0,1.0,0.0,1.0,1.0,0.09533333333333334,0.0945,0.0018929694486000928,0.09400000000000001,0.09749999999999999,1.0,1.0,0.0,1.0,1.0
brain5,instantaneous,1,0.09283333333333334,0.0955,0.006429100507328635,0.0855,0.09749999999999999,-0.007500000000000002,-0.004500000000000004,0.006082762530298217,-0.014499999999999999,-0.003500000000000003,-0.007962962962962965,-0.0050000000000000044,0.007143445008142927,-0.01611111111111111,-0.00277777777777778,0.09533333333333334,0.0945,0.0018929694486000928,0.09400000000000001,0.09749999999999999,0.09483333333333333,0.0955,0.006525590650150637,0.08800000000000001,0.10100000000000002
brain5,instantaneous,2,0.10216666666666667,0.0995,0.007371114795831992,0.09649999999999999,0.1105,-0.0028333333333333357,-0.003500000000000003,0.0020816659994661343,-0.004500000000000004,-0.0005000000000000004,0.0024074074074074046,-0.000555555555555556,0.008190127550924436,-0.003888888888888892,0.011666666666666664,0.09533333333333334,0.0945,0.0018929694486000928,0.09400000000000001,0.09749999999999999,0.10383333333333333,0.0995,0.00975106831754005,0.09700000000000002,0.115
brain5,instantaneous,3,0.09733333333333334,0.098,0.0030550504633038962,0.09400000000000001,0.10000000000000002,-0.002666666666666669,-0.0020000000000000018,0.0030550504633038962,-0.006000000000000005,0.0,-0.0029629629629629654,-0.002222222222222224,0.0033945005147821066,-0.006666666666666672,0.0,0.09533333333333334,0.0945,0.0018929694486000928,0.09400000000000001,0.09749999999999999,0.09749999999999999,0.0985,0.0031224989991992017,0.09400000000000001,0.10000000000000002
brain5,instantaneous,4,0.10099999999999999,0.1055,0.009124143795447329,0.09049999999999998,0.107,-0.0011666666666666724,0.0005000000000000004,0.007637626158259735,-0.009500000000000008,0.005499999999999991,0.0011111111111111018,0.006111111111111101,0.010137937550497031,-0.010555555555555563,0.007777777777777769,0.09549999999999999,0.0945,0.002179449471770339,0.09400000000000001,0.09800000000000002,0.09866666666666668,0.0975,0.007320063751999248,0.09200000000000001,0.1065
brain5,instantaneous,5,0.105,0.1045,0.008760707733967617,0.09649999999999999,0.114,0.00016666666666666682,0.0,0.003752776749732571,-0.003500000000000003,0.0040000000000000036,0.00555555555555555,0.004999999999999989,0.009734119704408463,-0.003888888888888892,0.015555555555555553,0.09549999999999999,0.0945,0.002179449471770339,0.09400000000000001,0.09800000000000002,0.10366666666666667,0.1045,0.006788470618138766,0.09649999999999999,0.11
brain5,instantaneous,6,0.10216666666666667,0.103,0.005795112883571235,0.09600000000000002,0.1075,-0.001833333333333335,-0.0015000000000000013,0.002020725942163692,-0.0040000000000000036,0.0,0.0024074074074073993,0.003333333333333321,0.006439014315079148,-0.004444444444444448,0.008333333333333325,0.09549999999999999,0.0945,0.002179449471770339,0.09400000000000001,0.09800000000000002,0.10266666666666667,0.1045,0.0059651767227244246,0.09600000000000002,0.1075
brain5,instantaneous,7,0.09666666666666668,0.096,0.004041451884327384,0.09300000000000001,0.10100000000000002,-0.00366666666666667,-0.0040000000000000036,0.0035118845842842493,-0.007000000000000006,0.0,-0.003703703703703707,-0.004444444444444448,0.004490502093697093,-0.007777777777777784,0.001111111111111112,0.09549999999999999,0.0945,0.002179449471770339,0.09400000000000001,0.09800000000000002,0.09766666666666668,0.0975,0.003253203549323859,0.09449999999999999,0.10100000000000002
brain5,instantaneous,8,0.09549999999999999,0.095,0.0047696960070847325,0.09100000000000001,0.10049999999999999,-0.0046666666666666705,-0.0050000000000000044,0.0045092497528228985,-0.009000000000000008,0.0,-0.0050000000000000044,-0.00555555555555556,0.005299662230094147,-0.010000000000000009,0.000555555555555556,0.09549999999999999,0.0945,0.002179449471770339,0.09400000000000001,0.09800000000000002,0.09549999999999999,0.095,0.0047696960070847325,0.09100000000000001,0.10049999999999999
brain5,instantaneous,9,0.09800000000000002,0.0985,0.0008660254037844395,0.09700000000000002,0.09849999999999999,-0.0020000000000000018,-0.0015000000000000013,0.0008660254037844396,-0.0030000000000000027,-0.0015000000000000013,-0.002222222222222224,-0.001666666666666668,0.0009622504486493771,-0.003333333333333336,-0.001666666666666668,0.09533333333333334,0.0945,0.0018929694486000928,0.09400000000000001,0.09749999999999999,0.09800000000000002,0.0985,0.0008660254037844395,0.09700000000000002,0.09849999999999999
brain5,instantaneous,10,0.09783333333333333,0.098,0.0012583057392117926,0.09649999999999999,0.09900000000000002,-0.0021666666666666687,-0.0020000000000000018,0.0012583057392117926,-0.003500000000000003,-0.0010000000000000009,-0.0024074074074074093,-0.002222222222222224,0.001398117488013103,-0.003888888888888892,-0.001111111111111112,0.09533333333333334,0.0945,0.0018929694486000928,0.09400000000000001,0.09749999999999999,0.09549999999999999,0.0965,0.004092676385936228,0.09100000000000001,0.09900000000000002
brain5,instantaneous,11,0.09866666666666668,0.098,0.0011547005383792527,0.09800000000000002,0.10000000000000002,-0.0013333333333333346,-0.0020000000000000018,0.0011547005383792527,-0.0020000000000000018,0.0,-0.0014814814814814827,-0.002222222222222224,0.0012830005981991695,-0.002222222222222224,0.0,0.09516666666666666,0.0945,0.0020816659994661348,0.09349999999999999,0.09749999999999999,0.09816666666666667,0.098,0.0017559422921421249,0.09649999999999999,0.10000000000000002
brain5,instantaneous,12,0.09466666666666666,0.091,0.006788470618138765,0.09049999999999998,0.1025,-0.006166666666666672,-0.009000000000000008,0.005346338310781818,-0.009500000000000008,0.0,-0.005925925925925936,-0.010000000000000009,0.007542745131265295,-0.010555555555555563,0.002777777777777765,0.09500000000000001,0.0945,0.002291287847477922,0.09300000000000001,0.09749999999999999,0.09466666666666666,0.091,0.006788470618138765,0.09049999999999998,0.1025
brain5,instantaneous,13,0.09749999999999999,0.0975,0.003500000000000003,0.09400000000000001,0.10100000000000002,-0.0025000000000000022,-0.0025000000000000022,0.003500000000000003,-0.006000000000000005,0.0010000000000000009,-0.00277777777777778,-0.00277777777777778,0.0038888888888888922,-0.006666666666666672,0.001111111111111112,0.09500000000000001,0.0945,0.002291287847477922,0.09300000000000001,0.09749999999999999,0.09716666666666667,0.0975,0.0030138568866708566,0.09400000000000001,0.10000000000000002
brain5,instantaneous,14,0.09216666666666667,0.0965,0.008836477427874375,0.082,0.09800000000000002,-0.007833333333333336,-0.003500000000000003,0.008836477427874375,-0.018000000000000002,-0.0020000000000000018,-0.008703703703703705,-0.0038888888888888922,0.009818308253193749,-0.02,-0.002222222222222224,0.09533333333333334,0.095,0.002020725942163692,0.09349999999999999,0.09749999999999999,0.09216666666666667,0.0965,0.008836477427874375,0.082,0.09800000000000002
brain5,instantaneous,15,0.09900000000000002,0.1005,0.0030413812651491124,0.09549999999999999,0.10100000000000002,-0.0013333333333333346,0.0,0.0027537852736430534,-0.004500000000000004,0.0005000000000000004,-0.0011111111111111122,0.000555555555555556,0.003379312516832347,-0.0050000000000000044,0.001111111111111112,0.09516666666666666,0.0945,0.0020816659994661348,0.09349999999999999,0.09749999999999999,0.09883333333333333,0.1005,0.002886751345948131,0.09549999999999999,0.10049999999999999
brain5,instantaneous,16,0.10283333333333333,0.0995,0.008976822006330154,0.09600000000000002,0.113,-0.0028333333333333314,-0.0040000000000000036,0.002466441431158121,-0.00449999999999999,0.0,0.0031481481481481464,-0.000555555555555556,0.009974246673700171,-0.004444444444444448,0.014444444444444442,0.09516666666666666,0.0945,0.0020816659994661348,0.09349999999999999,0.09749999999999999,0.10433333333333333,0.104,0.008504900548115384,0.09600000000000002,0.113
brain5,instantaneous,17,0.10149999999999999,0.101,0.008261355820929153,0.09349999999999999,0.11,-0.0026666666666666644,-0.0014999999999999875,0.003403429642777028,-0.006500000000000006,0.0,0.0016666666666666627,0.001111111111111112,0.009179284245476836,-0.00722222222222223,0.011111111111111105,0.09516666666666666,0.0945,0.0020816659994661348,0.09349999999999999,0.09749999999999999,0.1035,0.1025,0.00606217782649107,0.09800000000000002,0.11
brain5,instantaneous,18,0.09849999999999999,0.0985,0.005499999999999998,0.09300000000000001,0.104,-0.003500000000000003,-0.0020000000000000018,0.0030413812651491124,-0.007000000000000006,-0.0015000000000000013,-0.001666666666666673,-0.001666666666666668,0.006111111111111109,-0.007777777777777784,0.004444444444444433,0.09516666666666666,0.0945,0.0020816659994661348,0.09349999999999999,0.09749999999999999,0.10000000000000002,0.0985,0.005408326913195981,0.09549999999999999,0.106
brain5,instantaneous,19,0.10366666666666667,0.108,0.008386497083606082,0.09400000000000001,0.109,-0.000833333333333334,0.0,0.004804511768466529,-0.006000000000000005,0.003500000000000003,0.004074074074074068,0.008888888888888882,0.009318330092895647,-0.006666666666666672,0.009999999999999993,0.09516666666666666,0.0945,0.0020816659994661348,0.09349999999999999,0.09749999999999999,0.1025,0.1045,0.007697402159170325,0.09400000000000001,0.109
brain5,instantaneous,20,0.10133333333333334,0.1,0.004163331998932261,0.09800000000000002,0.106,-0.0005000000000000004,0.0,0.0013228756555322965,-0.0020000000000000018,0.0005000000000000004,0.0014814814814814777,0.0,0.004625924443258068,-0.002222222222222224,0.006666666666666657,0.09516666666666666,0.0945,0.0020816659994661348,0.09349999999999999,0.09749999999999999,0.10016666666666667,0.0985,0.004725815626252605,0.09649999999999999,0.1055
brain5,intact_synaptic,0,1.0,1.0,0.0,1.0,1.0,0.0,0.0,0.0,0.0,0.0,1.0,1.0,0.0,1.0,1.0,0.09533333333333334,0.0945,0.0018929694486000928,0.09400000000000001,0.09749999999999999,1.0,1.0,0.0,1.0,1.0
brain5,intact_synaptic,1,1.0,1.0,0.0,1.0,1.0,0.8996666666666666,0.9,0.0005773502691896263,0.899,0.9,1.0,1.0,0.0,1.0,1.0,0.09533333333333334,0.0945,0.0018929694486000928,0.09400000000000001,0.09749999999999999,0.09483333333333333,0.0955,0.006525590650150637,0.08800000000000001,0.10100000000000002
brain5,intact_synaptic,2,1.0,1.0,0.0,1.0,1.0,0.895,0.9,0.008660254037844393,0.8850000000000001,0.9,1.0,1.0,0.0,1.0,1.0,0.09533333333333334,0.0945,0.0018929694486000928,0.09400000000000001,0.09749999999999999,0.10383333333333333,0.0995,0.00975106831754005,0.09700000000000002,0.115
brain5,intact_synaptic,3,0.7468333333333333,0.758,0.038484845502266656,0.7040000000000001,0.7784999999999999,0.6468333333333334,0.658,0.038484845502266656,0.604,0.6785,0.7187037037037037,0.7311111111111112,0.04276093944696293,0.6711111111111111,0.7538888888888889,0.09533333333333334,0.0945,0.0018929694486000928,0.09400000000000001,0.09749999999999999,0.09749999999999999,0.0985,0.0031224989991992017,0.09400000000000001,0.10000000000000002
brain5,intact_synaptic,4,0.13449999999999998,0.128,0.01909842925478428,0.1195,0.156,0.03233333333333333,0.027999999999999997,0.021825062046494467,0.012999999999999998,0.055999999999999994,0.03833333333333332,0.031111111111111107,0.02122047694976031,0.021666666666666654,0.062222222222222213,0.09549999999999999,0.0945,0.002179449471770339,0.09400000000000001,0.09800000000000002,0.09866666666666668,0.0975,0.007320063751999248,0.09200000000000001,0.1065
brain5,intact_synaptic,5,0.09949999999999999,0.1015,0.004821825380496476,0.09400000000000001,0.103,-0.005333333333333333,-0.007000000000000006,0.006171169527191205,-0.010499999999999995,0.0015000000000000013,-0.0005555555555555612,0.001666666666666668,0.005357583756107196,-0.006666666666666672,0.0033333333333333214,0.09549999999999999,0.0945,0.002179449471770339,0.09400000000000001,0.09800000000000002,0.10366666666666667,0.1045,0.006788470618138766,0.09649999999999999,0.11
brain5,intact_synaptic,6,0.09949999999999999,0.1045,0.00998749217771909,0.08800000000000001,0.106,-0.004500000000000004,-0.0030000000000000027,0.0068738635424337655,-0.01200000000000001,0.0015000000000000013,-0.0005555555555555664,0.004999999999999989,0.01109721353079899,-0.013333333333333345,0.006666666666666657,0.09549999999999999,0.0945,0.002179449471770339,0.09400000000000001,0.09800000000000002,0.10266666666666667,0.1045,0.0059651767227244246,0.09600000000000002,0.1075
brain5,intact_synaptic,7,0.09783333333333333,0.098,0.0027537852736430534,0.09500000000000001,0.10049999999999999,-0.0025000000000000022,-0.0020000000000000018,0.003278719262151003,-0.006000000000000005,0.0005000000000000004,-0.0024074074074074098,-0.002222222222222224,0.003059761415158948,-0.00555555555555556,0.000555555555555556,0.09549999999999999,0.0945,0.002179449471770339,0.09400000000000001,0.09800000000000002,0.09766666666666668,0.0975,0.003253203549323859,0.09449999999999999,0.10100000000000002
brain5,intact_synaptic,8,0.09449999999999999,0.0925,0.005766281297335403,0.09000000000000001,0.10100000000000002,-0.005666666666666671,-0.007500000000000007,0.005965176722724432,-0.01050000000000001,0.0010000000000000009,-0.006111111111111116,-0.00833333333333334,0.006406979219261559,-0.01111111111111112,0.001111111111111112,0.09549999999999999,0.0945,0.002179449471770339,0.09400000000000001,0.09800000000000002,0.09549999999999999,0.095,0.0047696960070847325,0.09100000000000001,0.10049999999999999
brain5,intact_synaptic,9,0.09666666666666668,0.0985,0.005965176722724432,0.09000000000000001,0.10149999999999999,-0.003333333333333336,-0.0015000000000000013,0.005965176722724432,-0.010000000000000009,0.0015000000000000013,-0.003703703703703707,-0.001666666666666668,0.00662797413636048,-0.01111111111111112,0.001666666666666668,0.09533333333333334,0.0945,0.0018929694486000928,0.09400000000000001,0.09749999999999999,0.09800000000000002,0.0985,0.0008660254037844395,0.09700000000000002,0.09849999999999999
brain5,intact_synaptic,10,0.09533333333333334,0.096,0.0020816659994661348,0.09300000000000001,0.09700000000000002,-0.0046666666666666705,-0.0040000000000000036,0.0020816659994661348,-0.007000000000000006,-0.0030000000000000027,-0.005185185185185189,-0.004444444444444448,0.0023129622216290385,-0.007777777777777784,-0.003333333333333336,0.09533333333333334,0.0945,0.0018929694486000928,0.09400000000000001,0.09749999999999999,0.09549999999999999,0.0965,0.004092676385936228,0.09100000000000001,0.09900000000000002
brain5,intact_synaptic,11,0.10316666666666667,0.099,0.00854887906882144,0.09749999999999999,0.113,0.003166666666666665,-0.0010000000000000009,0.00854887906882144,-0.0025000000000000022,0.012999999999999998,0.0035185185185185167,-0.001111111111111112,0.00949875452091271,-0.00277777777777778,0.014444444444444442,0.09516666666666666,0.0945,0.0020816659994661348,0.09349999999999999,0.09749999999999999,0.09816666666666667,0.098,0.0017559422921421249,0.09649999999999999,0.10000000000000002
brain5,intact_synaptic,12,0.10049999999999999,0.101,0.007762087348130012,0.09249999999999999,0.108,-0.00033333333333333365,0.0010000000000000009,0.006601767440112792,-0.007500000000000007,0.005500000000000005,0.0005555555555555513,0.001111111111111112,0.008624541497922236,-0.00833333333333334,0.008888888888888882,0.09500000000000001,0.0945,0.002291287847477922,0.09300000000000001,0.09749999999999999,0.09466666666666666,0.091,0.006788470618138765,0.09049999999999998,0.1025
brain5,intact_synaptic,13,0.10100000000000002,0.0985,0.007088723439378912,0.09549999999999999,0.109,0.0009999999999999963,-0.0015000000000000013,0.007088723439378912,-0.004500000000000004,0.008999999999999994,0.001111111111111107,-0.001666666666666668,0.00787635937708768,-0.0050000000000000044,0.009999999999999993,0.09500000000000001,0.0945,0.002291287847477922,0.09300000000000001,0.09749999999999999,0.09716666666666667,0.0975,0.0030138568866708566,0.09400000000000001,0.10000000000000002
brain5,intact_synaptic,14,0.09483333333333333,0.095,0.0042524502740576954,0.09049999999999998,0.09900000000000002,-0.005166666666666671,-0.0050000000000000044,0.004252450274057695,-0.009500000000000008,-0.0010000000000000009,-0.005740740740740745,-0.00555555555555556,0.004724944748952994,-0.010555555555555563,-0.001111111111111112,0.09533333333333334,0.095,0.002020725942163692,0.09349999999999999,0.09749999999999999,0.09216666666666667,0.0965,0.008836477427874375,0.082,0.09800000000000002
brain5,intact_synaptic,15,0.09633333333333334,0.0965,0.008251262529657709,0.08800000000000001,0.1045,-0.004000000000000008,-0.0040000000000000036,0.008,-0.01200000000000001,0.00399999999999999,-0.004074074074074083,-0.0038888888888888922,0.009168069477397456,-0.013333333333333345,0.004999999999999989,0.09516666666666666,0.0945,0.0020816659994661348,0.09349999999999999,0.09749999999999999,0.09883333333333333,0.1005,0.002886751345948131,0.09549999999999999,0.10049999999999999
brain5,intact_synaptic,16,0.10149999999999999,0.102,0.002783882181415006,0.09849999999999999,0.104,-0.00416666666666667,-0.0020000000000000018,0.009438396756511841,-0.014499999999999999,0.00399999999999999,0.001666666666666658,0.0022222222222222088,0.003093202423794451,-0.001666666666666668,0.004444444444444433,0.09516666666666666,0.0945,0.0020816659994661348,0.09349999999999999,0.09749999999999999,0.10433333333333333,0.104,0.008504900548115384,0.09600000000000002,0.113
brain5,intact_synaptic,17,0.10533333333333333,0.107,0.003329164059239691,0.10149999999999999,0.1075,0.0011666666666666676,0.0050000000000000044,0.008431093246627821,-0.008499999999999994,0.006999999999999992,0.00592592592592592,0.007777777777777769,0.0036990711769329904,0.001666666666666668,0.008333333333333325,0.09516666666666666,0.0945,0.0020816659994661348,0.09349999999999999,0.09749999999999999,0.1035,0.1025,0.00606217782649107,0.09800000000000002,0.11
brain5,intact_synaptic,18,0.10133333333333334,0.1015,0.0022546248764114423,0.09900000000000002,0.1035,-0.0006666666666666673,-0.0010000000000000009,0.002020725942163692,-0.0025000000000000022,0.0015000000000000013,0.0014814814814814775,0.001666666666666668,0.002505138751568269,-0.001111111111111112,0.003888888888888877,0.09516666666666666,0.0945,0.0020816659994661348,0.09349999999999999,0.09749999999999999,0.10000000000000002,0.0985,0.005408326913195981,0.09549999999999999,0.106
brain5,intact_synaptic,19,0.10433333333333333,0.1025,0.005484827557301444,0.10000000000000002,0.1105,-0.00016666666666666682,0.0024999999999999883,0.007847504911329031,-0.008999999999999994,0.006000000000000005,0.004814814814814809,0.002777777777777765,0.00609425284144605,0.0,0.011666666666666664,0.09516666666666666,0.0945,0.0020816659994661348,0.09349999999999999,0.09749999999999999,0.1025,0.1045,0.007697402159170325,0.09400000000000001,0.109
brain5,intact_synaptic,20,0.10066666666666667,0.104,0.007112196097783954,0.09249999999999999,0.1055,-0.0011666666666666724,0.0,0.005838093296045664,-0.007500000000000007,0.00399999999999999,0.0007407407407407311,0.004444444444444433,0.007902440108648838,-0.00833333333333334,0.006111111111111101,0.09516666666666666,0.0945,0.0020816659994661348,0.09349999999999999,0.09749999999999999,0.10016666666666667,0.0985,0.004725815626252605,0.09649999999999999,0.1055
legacy5,dag_synaptic,0,1.0,1.0,0.0,1.0,1.0,0.0,0.0,0.0,0.0,0.0,1.0,1.0,0.0,1.0,1.0,0.09658333333333334,0.096,0.010012076041794063,0.08900000000000001,0.10425000000000001,1.0,1.0,0.0,1.0,1.0
legacy5,dag_synaptic,1,1.0,1.0,0.0,1.0,1.0,0.8951666666666666,0.8985000000000001,0.006377042156569698,0.8906666666666667,0.8995000000000001,1.0,1.0,0.0,1.0,1.0,0.09650000000000002,0.096,0.010163660757817529,0.08875,0.10416666666666669,0.09858333333333331,0.09825,0.009074230913232631,0.09249999999999999,0.1055
legacy5,dag_synaptic,2,0.9998333333333332,1.0,0.0004082482904638634,0.9994999999999999,1.0,0.8935000000000001,0.8947499999999999,0.007266360849834004,0.8882500000000001,0.89825,0.9998148148148148,1.0,0.0004536092116264947,0.9994444444444444,1.0,0.09650000000000002,0.096,0.010163660757817529,0.08875,0.10416666666666669,0.10233333333333333,0.09825,0.008298594258467315,0.09675000000000002,0.10858333333333335
legacy5,dag_synaptic,3,0.5713333333333334,0.577,0.08650761045518866,0.5133333333333333,0.63525,0.4691666666666667,0.47075,0.08674714212391474,0.41125000000000006,0.5350833333333332,0.5237037037037037,0.53,0.09611956717243185,0.4592592592592593,0.5947222222222223,0.09658333333333334,0.096,0.010195178599056845,0.08875,0.10425000000000001,0.09916666666666667,0.09925,0.007461009761866465,0.09399999999999999,0.10483333333333333
legacy5,dag_synaptic,4,0.225,0.22875,0.019954949260772372,0.20966666666666667,0.23858541666666666,0.12183333333333334,0.12349999999999998,0.02278303462374287,0.104,0.1378333333333333,0.13888888888888887,0.14305555555555555,0.022172165845302634,0.12185185185185184,0.15398379629629627,0.09666666666666666,0.09625,0.010206207261596576,0.08891666666666666,0.10425000000000001,0.09916666666666668,0.0985,0.004833908011812663,0.09566666666666666,0.10291666666666666
legacy5,dag_synaptic,5,0.10725,0.104,0.01347126571633119,0.09875,0.11825000000000001,0.001749999999999997,-0.0012500000000000011,0.00955379505746277,-0.00391666666666667,0.009500000000000001,0.008055555555555548,0.004444444444444433,0.014968073018145768,-0.0013888888888888972,0.020277777777777773,0.09666666666666666,0.09625,0.010206207261596576,0.08891666666666666,0.10425000000000001,0.10216666666666667,0.10525,0.008588752334691382,0.09533333333333333,0.10775
legacy5,dag_synaptic,6,0.104,0.108,0.013352902306240397,0.09416666666666666,0.1135,-0.000833333333333334,0.003250000000000003,0.009314862675674121,-0.00758333333333334,0.005583333333333339,0.004444444444444438,0.00888888888888888,0.014836558118044886,-0.0064814814814814934,0.015,0.09666666666666666,0.09625,0.009897811205850851,0.08916666666666667,0.104,0.10024999999999999,0.1005,0.006218922736294444,0.09558333333333334,0.10466666666666667
legacy5,dag_synaptic,7,0.10175,0.09875,0.01169508443748911,0.09358333333333334,0.11049999999999999,-0.0008333333333333364,-0.0017500000000000016,0.00818942407417437,-0.006666666666666672,0.004916666666666666,0.0019444444444444379,-0.00138888888888889,0.012994538263876788,-0.007129629629629636,0.011666666666666659,0.09674999999999999,0.09625,0.009745511787484534,0.08941666666666666,0.104,0.09799999999999999,0.0975,0.003193743884534261,0.09575,0.10033333333333334
legacy5,dag_synaptic,8,0.10024999999999999,0.0985,0.012040556465545934,0.09258333333333331,0.10966666666666668,-0.0018333333333333396,-0.005750000000000005,0.012878923350446131,-0.009666666666666672,0.00841666666666666,0.0002777777777777703,-0.0016666666666666679,0.013378396072828817,-0.008240740740740752,0.010740740740740731,0.09674999999999999,0.09625,0.009745511787484534,0.08941666666666666,0.104,0.09391666666666666,0.09325,0.005285987766412888,0.09008333333333333,0.09783333333333334
legacy5,dag_synaptic,9,0.09949999999999999,0.1015,0.00626099033699941,0.09441666666666669,0.10366666666666667,-0.002500000000000007,-0.002250000000000002,0.0064498061986388395,-0.007166666666666675,0.002166666666666659,-0.0005555555555555639,0.0016666666666666605,0.006956655929999346,-0.006203703703703711,0.004074074074074068,0.09666666666666666,0.096,0.009734817238483046,0.08925,0.104,0.09483333333333334,0.095,0.0037103458958251713,0.09208333333333334,0.09733333333333334
legacy5,dag_synaptic,10,0.10200000000000002,0.101,0.006131883886702356,0.09783333333333334,0.10675,-8.333333333333803e-05,-0.0015000000000000013,0.006658953871792976,-0.0043333333333333375,0.005166666666666662,0.002222222222222216,0.0011111111111111044,0.006813204318558173,-0.002407407407407412,0.007499999999999994,0.09666666666666666,0.096,0.009734817238483046,0.08925,0.104,0.09733333333333333,0.0985,0.0033714487489307455,0.09458333333333334,0.09933333333333334
legacy5,dag_synaptic,11,0.10091666666666667,0.10125,0.003967576926370382,0.09800000000000002,0.10391666666666667,-0.001083333333333339,0.0012499999999999942,0.007492774297058908,-0.007083333333333337,0.0036666666666666584,0.0010185185185185117,0.0013888888888888824,0.004408418807078201,-0.002222222222222224,0.0043518518518518455,0.09658333333333331,0.096,0.009764305744223021,0.08925,0.104,0.09683333333333334,0.09725,0.003970726214015101,0.09375000000000001,0.09950208333333332
legacy5,dag_synaptic,12,0.09774999999999999,0.098,0.008624094155330168,0.09133124999999999,0.10383333333333333,-0.004750000000000002,-0.0020000000000000018,0.010600707523557096,-0.012583333333333337,0.0025833333333333285,-0.0025000000000000044,-0.002222222222222224,0.009582326839255742,-0.009631944444444446,0.0042592592592592534,0.09658333333333334,0.096,0.009835734170191195,0.08925000000000001,0.104,0.09599999999999999,0.0965,0.00479583152331272,0.09266666666666666,0.09933333333333334
legacy5,dag_synaptic,13,0.09825,0.09625,0.005336197147782304,0.09491666666666666,0.1025,-0.0038333333333333366,-0.004250000000000004,0.00809732466106347,-0.009833333333333335,0.001999999999999995,-0.0019444444444444485,-0.00416666666666667,0.005929107941980338,-0.005648148148148153,0.0027777777777777727,0.09658333333333334,0.096,0.009835734170191195,0.08925000000000001,0.104,0.09724999999999999,0.09825,0.0049066281701388385,0.09341666666666666,0.10058333333333334
legacy5,dag_synaptic,14,0.10099999999999999,0.10200000000000001,0.00473286382647969,0.09733333333333334,0.10416666666666667,-0.001083333333333339,-0.0015000000000000013,0.004862269703201032,-0.004583333333333338,0.002499999999999993,0.0011111111111111046,0.0022222222222222166,0.005258737584977433,-0.0029629629629629676,0.004629629629629622,0.09950000000000002,0.098,0.0066105975524153645,0.09550000000000002,0.10483541666666664,0.09475,0.09725,0.007160656394493456,0.08900000000000001,0.09941666666666667
legacy5,dag_synaptic,15,0.09833333333333333,0.09925,0.005528712930390461,0.09416666666666666,0.10241666666666666,-0.0054166666666666695,-0.007750000000000007,0.006995832092515274,-0.010000000000000002,-2.3129646346357427e-18,-0.001851851851851856,-0.000833333333333334,0.006143014367100512,-0.0064814814814814865,0.002685185185185177,0.09941666666666667,0.098,0.006681441960136051,0.09533333333333334,0.10475416666666662,0.09941666666666665,0.09975,0.005739483135846527,0.09541666666666666,0.10391666666666667
legacy5,dag_synaptic,16,0.09675,0.1,0.007346767996881349,0.09091666666666666,0.10149999999999999,-0.008166666666666668,-0.009500000000000001,0.006577740240133128,-0.01258333333333333,-0.002916666666666667,-0.003611111111111114,0.0,0.008163075552090388,-0.010092592592592596,0.0016666666666666629,0.09941666666666667,0.098,0.006681441960136051,0.09533333333333334,0.10475416666666662,0.09949999999999999,0.09775,0.008,0.09416666666666666,0.10575
legacy5,dag_synaptic,17,0.10016666666666667,0.10225000000000001,0.010152175464730042,0.09233333333333334,0.10733333333333334,-0.0045833333333333325,-0.0062500000000000056,0.011051772105262876,-0.012499999999999997,0.00341666666666667,0.00018518518518518003,0.0024999999999999944,0.011280194960811158,-0.008518518518518522,0.008148148148148139,0.09941666666666667,0.098,0.006681441960136051,0.09533333333333334,0.10475416666666662,0.10291666666666667,0.103,0.004306003560921269,0.09999999999999999,0.10616666666666667
legacy5,dag_synaptic,18,0.09966666666666668,0.1,0.0037505555144093853,0.09691666666666666,0.10233333333333333,-0.0038333333333333344,-0.0025000000000000022,0.004238710495736487,-0.007166666666666666,-0.0011666666666666676,-0.00037037037037037594,0.0,0.004167283904899317,-0.0034259259259259317,0.0025925925925925843,0.09958333333333332,0.098,0.0068877911311730905,0.09533333333333334,0.10508541666666667,0.09891666666666667,0.09725,0.004443159536486017,0.09591666666666666,0.10233333333333335
legacy5,dag_synaptic,19,0.10008333333333334,0.10025,0.003992701675140109,0.09725,0.10275,-0.00441666666666667,-0.004500000000000004,0.002835783254528928,-0.006416666666666672,-0.0023333333333333353,9.25925925925851e-05,0.00027777777777777046,0.004436335194600121,-0.003055555555555561,0.0030555555555555457,0.09949999999999999,0.09775,0.006906518659932804,0.09525000000000002,0.10508333333333335,0.10041666666666667,0.0995,0.0068221453126319906,0.09599999999999999,0.10533333333333333
legacy5,dag_synaptic,20,0.10158333333333334,0.10200000000000001,0.006945622122363601,0.09633333333333334,0.10666666666666667,-0.001583333333333337,-0.0017500000000000016,0.005304871974578339,-0.0055000000000000075,0.002333333333333333,0.0017592592592592538,0.0022222222222222166,0.007717357913737335,-0.004074074074074077,0.007407407407407402,0.09949999999999999,0.09775,0.006906518659932804,0.09525000000000002,0.10508333333333335,0.09675,0.0975,0.007346767996881347,0.09066666666666667,0.10158333333333334
legacy5,instantaneous,0,1.0,1.0,0.0,1.0,1.0,0.0,0.0,0.0,0.0,0.0,1.0,1.0,0.0,1.0,1.0,0.09658333333333334,0.096,0.010012076041794063,0.08900000000000001,0.10425000000000001,1.0,1.0,0.0,1.0,1.0
legacy5,instantaneous,1,0.09791666666666667,0.0965,0.009810283719988258,0.09116666666666667,0.10525000000000001,-0.006916666666666668,-0.0040000000000000036,0.00895218781453264,-0.013666666666666669,-0.000833333333333334,-0.0023148148148148203,-0.0038888888888888922,0.010900315244431398,-0.009814814814814818,0.005833333333333328,0.09650000000000002,0.096,0.010163660757817529,0.08875,0.10416666666666669,0.09858333333333331,0.09825,0.009074230913232631,0.09249999999999999,0.1055
legacy5,instantaneous,2,0.10133333333333333,0.0985,0.0057763887219149865,0.09750000000000002,0.10583333333333333,-0.005000000000000002,-0.0037500000000000033,0.005099019513592784,-0.009250000000000001,-0.002083333333333335,0.0014814814814814777,-0.001666666666666668,0.006418209691016651,-0.00277777777777778,0.006481481481481477,0.09650000000000002,0.096,0.010163660757817529,0.08875,0.10416666666666669,0.10233333333333333,0.09825,0.008298594258467315,0.09675000000000002,0.10858333333333335
legacy5,instantaneous,3,0.09791666666666667,0.09875,0.009101739760434081,0.09100000000000001,0.10466666666666667,-0.004250000000000001,-0.0015000000000000013,0.006146136998147699,-0.009333333333333334,-0.0006666666666666673,-0.002314814814814817,-0.00138888888888889,0.010113044178260092,-0.01,0.005185185185185182,0.09658333333333334,0.096,0.010195178599056845,0.08875,0.10425000000000001,0.09916666666666667,0.09925,0.007461009761866465,0.09399999999999999,0.10483333333333333
legacy5,instantaneous,4,0.10033333333333333,0.10025,0.005955389715767277,0.09583333333333334,0.1045,-0.0028333333333333383,-0.0015000000000000013,0.006121002096606951,-0.007166666666666673,0.0014999999999999968,0.0003703703703703631,0.00027777777777777035,0.006617099684185865,-0.004629629629629634,0.004999999999999991,0.09666666666666666,0.09625,0.010206207261596576,0.08891666666666666,0.10425000000000001,0.09916666666666668,0.0985,0.004833908011812663,0.09566666666666666,0.10291666666666666
legacy5,instantaneous,5,0.10233333333333333,0.10325,0.009448103866208642,0.09508333333333334,0.10891666666666666,-0.0031666666666666696,-0.003250000000000003,0.00546504040851179,-0.007416666666666673,0.0007500000000000007,0.0025925925925925843,0.003611111111111099,0.01049789318467627,-0.005462962962962972,0.0099074074074074,0.09666666666666666,0.09625,0.010206207261596576,0.08891666666666666,0.10425000000000001,0.10216666666666667,0.10525,0.008588752334691382,0.09533333333333333,0.10775
legacy5,instantaneous,6,0.09924999999999999,0.0995,0.0062669769426733956,0.09433333333333332,0.10375000000000001,-0.005583333333333336,-0.003250000000000003,0.005961683207506641,-0.010333333333333335,-0.001666666666666668,-0.0008333333333333417,-0.0005555555555555637,0.00696330771408155,-0.006296296296296304,0.004166666666666657,0.09666666666666666,0.09625,0.009897811205850851,0.08916666666666667,0.104,0.10024999999999999,0.1005,0.006218922736294444,0.09558333333333334,0.10466666666666667
legacy5,instantaneous,7,0.09799999999999999,0.09675,0.00454972526643093,0.09491666666666665,0.10141666666666667,-0.004583333333333335,-0.004500000000000004,0.006053236049144844,-0.009083333333333334,-0.00033333333333333365,-0.0022222222222222266,-0.003611111111111114,0.005055250296034367,-0.005648148148148153,0.001574074074074068,0.09674999999999999,0.09625,0.009745511787484534,0.08941666666666666,0.104,0.09799999999999999,0.0975,0.003193743884534261,0.09575,0.10033333333333334
legacy5,instantaneous,8,0.09383333333333332,0.093,0.005335416259924498,0.09008333333333333,0.09775,-0.008250000000000006,-0.007000000000000006,0.008023403267940609,-0.014333333333333339,-0.002666666666666669,-0.006851851851851858,-0.0077777777777777845,0.005928240288804998,-0.01101851851851853,-0.0025000000000000022,0.09674999999999999,0.09625,0.009745511787484534,0.08941666666666666,0.104,0.09391666666666666,0.09325,0.005285987766412888,0.09008333333333333,0.09783333333333334
legacy5,instantaneous,9,0.09475,0.095,0.0037782270974625154,0.09191666666666666,0.09733333333333334,-0.007250000000000004,-0.005500000000000005,0.006831910420958403,-0.012833333333333337,-0.0028333333333333357,-0.005833333333333339,-0.00555555555555556,0.004198030108291685,-0.00898148148148149,-0.0029629629629629654,0.09666666666666666,0.096,0.009734817238483046,0.08925,0.104,0.09483333333333334,0.095,0.0037103458958251713,0.09208333333333334,0.09733333333333334
legacy5,instantaneous,10,0.09824999999999999,0.0985,0.000987420882906576,0.09741666666666667,0.09883333333333333,-0.0038333333333333344,-0.0017500000000000016,0.00506622805119022,-0.008,-0.0012500000000000011,-0.001944444444444446,-0.0016666666666666679,0.0010971343143406397,-0.0028703703703703725,-0.0012962962962962973,0.09666666666666666,0.096,0.009734817238483046,0.08925,0.104,0.09733333333333333,0.0985,0.0033714487489307455,0.09458333333333334,0.09933333333333334
legacy5,instantaneous,11,0.09758333333333336,0.098,0.0030889588321417758,0.09533333333333333,0.09975,-0.0044166666666666686,-0.0037500000000000033,0.0038394878130639585,-0.007416666666666666,-0.0017500000000000016,-0.0026851851851851876,-0.002222222222222224,0.0034321764801575286,-0.005185185185185189,-0.00027777777777777794,0.09658333333333331,0.096,0.009764305744223021,0.08925,0.104,0.09683333333333334,0.09725,0.003970726214015101,0.09375000000000001,0.09950208333333332
legacy5,instantaneous,12,0.09658333333333331,0.09825,0.004789745991873335,0.09324999999999999,0.09991666666666665,-0.00591666666666667,-0.005500000000000005,0.005257534276318765,-0.009916666666666669,-0.0021666666666666687,-0.0037962962962963015,-0.0019444444444444461,0.005321939990970372,-0.0075000000000000075,-9.259259259260287e-05,0.09658333333333334,0.096,0.009835734170191195,0.08925000000000001,0.104,0.09599999999999999,0.0965,0.00479583152331272,0.09266666666666666,0.09933333333333334
legacy5,instantaneous,13,0.09741666666666665,0.09825,0.005034050721503178,0.09350000000000001,0.10091666666666667,-0.0046666666666666705,-0.004250000000000004,0.00441210456207315,-0.007916666666666674,-0.0014166666666666679,-0.0028703703703703756,-0.0019444444444444461,0.005593389690559088,-0.00722222222222223,0.0010185185185185143,0.09658333333333334,0.096,0.009835734170191195,0.08925000000000001,0.104,0.09724999999999999,0.09825,0.0049066281701388385,0.09341666666666666,0.10058333333333334
legacy5,instantaneous,14,0.09491666666666666,0.09725,0.007330870798661418,0.08916666666666666,0.09958333333333336,-0.007166666666666668,-0.0062500000000000056,0.00668331255192114,-0.012333333333333337,-0.0026666666666666666,-0.0056481481481481495,-0.003055555555555558,0.008145411998512686,-0.012037037037037042,-0.00046296296296296336,0.09950000000000002,0.098,0.0066105975524153645,0.09550000000000002,0.10483541666666664,0.09475,0.09725,0.007160656394493456,0.08900000000000001,0.09941666666666667
legacy5,instantaneous,15,0.09916666666666667,0.09925,0.006055300708194984,0.09491666666666666,0.10391666666666667,-0.004583333333333335,-0.0012500000000000011,0.00826690187837419,-0.011250000000000003,-0.0002500000000000002,-0.0009259259259259293,-0.0008333333333333339,0.006728111897994426,-0.005648148148148153,0.004351851851851848,0.09941666666666667,0.098,0.006681441960136051,0.09533333333333334,0.10475416666666662,0.09941666666666665,0.09975,0.005739483135846527,0.09541666666666666,0.10391666666666667
legacy5,instantaneous,16,0.09916666666666668,0.09775,0.007318925239860473,0.09483333333333334,0.10508333333333335,-0.005750000000000001,-0.004249999999999997,0.007062223445912769,-0.011500000000000003,-0.0017499999999999992,-0.0009259259259259289,-0.002500000000000002,0.008132139155400526,-0.005740740740740745,0.005648148148148145,0.09941666666666667,0.098,0.006681441960136051,0.09533333333333334,0.10475416666666662,0.09949999999999999,0.09775,0.008,0.09416666666666666,0.10575
legacy5,instantaneous,17,0.10208333333333335,0.10275000000000001,0.005633974322506862,0.09808333333333334,0.10633333333333334,-0.0026666666666666666,-0.0014999999999999944,0.0035023801430836567,-0.005250000000000005,-0.00016666666666666682,0.002314814814814809,0.0030555555555555505,0.006259971469452068,-0.002129629629629637,0.007037037037037028,0.09941666666666667,0.098,0.006681441960136051,0.09533333333333334,0.10475416666666662,0.10291666666666667,0.103,0.004306003560921269,0.09999999999999999,0.10616666666666667
legacy5,instantaneous,18,0.09758333333333331,0.09675,0.004340698868461929,0.09458333333333331,0.10083333333333333,-0.005916666666666667,-0.003500000000000003,0.006552989139825176,-0.011250000000000003,-0.002166666666666662,-0.0026851851851851898,-0.003611111111111114,0.004822998742735476,-0.006018518518518524,0.0009259259259259216,0.09958333333333332,0.098,0.0068877911311730905,0.09533333333333334,0.10508541666666667,0.09891666666666667,0.09725,0.004443159536486017,0.09591666666666666,0.10233333333333335
legacy5,instantaneous,19,0.10241666666666666,0.1045,0.006651440946642063,0.09758333333333334,0.107,-0.0020833333333333376,-0.0030000000000000027,0.0048105786207759535,-0.005333333333333338,0.0015833333333333279,0.0026851851851851776,0.004999999999999989,0.007390489940713404,-0.002685185185185193,0.00777777777777777,0.09949999999999999,0.09775,0.006906518659932804,0.09525000000000002,0.10508333333333335,0.10041666666666667,0.0995,0.0068221453126319906,0.09599999999999999,0.10533333333333333
legacy5,instantaneous,20,0.09866666666666668,0.099,0.005689170999949524,0.09416666666666668,0.10275,-0.004500000000000004,-0.003500000000000003,0.004857983120596452,-0.00808333333333334,-0.0010000000000000009,-0.001481481481481488,-0.001111111111111112,0.006321301111055026,-0.0064814814814814865,0.003055555555555548,0.09949999999999999,0.09775,0.006906518659932804,0.09525000000000002,0.10508333333333335,0.09675,0.0975,0.007346767996881347,0.09066666666666667,0.10158333333333334
legacy5,intact_synaptic,0,1.0,1.0,0.0,1.0,1.0,0.0,0.0,0.0,0.0,0.0,1.0,1.0,0.0,1.0,1.0,0.09658333333333334,0.096,0.010012076041794063,0.08900000000000001,0.10425000000000001,1.0,1.0,0.0,1.0,1.0
legacy5,intact_synaptic,1,1.0,1.0,0.0,1.0,1.0,0.8951666666666666,0.8985000000000001,0.006377042156569698,0.8906666666666667,0.8995000000000001,1.0,1.0,0.0,1.0,1.0,0.09650000000000002,0.096,0.010163660757817529,0.08875,0.10416666666666669,0.09858333333333331,0.09825,0.009074230913232631,0.09249999999999999,0.1055
legacy5,intact_synaptic,2,1.0,1.0,0.0,1.0,1.0,0.8936666666666667,0.8947499999999999,0.007082843120291948,0.8886666666666666,0.89825,1.0,1.0,0.0,1.0,1.0,0.09650000000000002,0.096,0.010163660757817529,0.08875,0.10416666666666669,0.10233333333333333,0.09825,0.008298594258467315,0.09675000000000002,0.10858333333333335
legacy5,intact_synaptic,3,0.9090000000000001,0.925,0.042600469480981076,0.87325,0.9330041666666667,0.8068333333333334,0.82475,0.04307977096813151,0.7710833333333333,0.8330020833333331,0.898888888888889,0.9166666666666667,0.04733385497886785,0.8591666666666665,0.9255601851851851,0.09658333333333334,0.096,0.010195178599056845,0.08875,0.10425000000000001,0.09916666666666667,0.09925,0.007461009761866465,0.09399999999999999,0.10483333333333333
legacy5,intact_synaptic,4,0.3745833333333333,0.375,0.02267689720104289,0.35933333333333334,0.39175,0.27141666666666664,0.27499999999999997,0.023559322287932373,0.25408333333333327,0.2886666666666666,0.3050925925925925,0.3055555555555555,0.025196552445603215,0.2881481481481481,0.32416666666666666,0.09666666666666666,0.09625,0.010206207261596576,0.08891666666666666,0.10425000000000001,0.09916666666666668,0.0985,0.004833908011812663,0.09566666666666666,0.10291666666666666
legacy5,intact_synaptic,5,0.12875,0.13025,0.014098758810618754,0.11899583333333333,0.13883333333333334,0.023250000000000003,0.02550000000000001,0.010736619579737372,0.015083333333333337,0.030749999999999996,0.03194444444444445,0.03361111111111111,0.01566528756735417,0.021106481481481483,0.04314814814814815,0.09666666666666666,0.09625,0.010206207261596576,0.08891666666666666,0.10425000000000001,0.10216666666666667,0.10525,0.008588752334691382,0.09533333333333333,0.10775
legacy5,intact_synaptic,6,0.11366666666666665,0.11575,0.00933630904944061,0.10641458333333333,0.12033333333333333,0.008833333333333334,0.009250000000000001,0.006121002096606951,0.004333333333333335,0.013333333333333336,0.015185185185185182,0.0175,0.010373676721600679,0.0071273148148148155,0.022592592592592584,0.09666666666666666,0.09625,0.009897811205850851,0.08916666666666667,0.104,0.10024999999999999,0.1005,0.006218922736294444,0.09558333333333334,0.10466666666666667
legacy5,intact_synaptic,7,0.10408333333333335,0.10275000000000001,0.007755105844968634,0.09866666666666667,0.10983333333333334,0.001499999999999999,-0.0002500000000000002,0.005796550698475777,-0.0025000000000000022,0.005833333333333336,0.004537037037037033,0.0030555555555555505,0.00861678427218737,-0.0014814814814814855,0.010925925925925922,0.09674999999999999,0.09625,0.009745511787484534,0.08941666666666666,0.104,0.09799999999999999,0.0975,0.003193743884534261,0.09575,0.10033333333333334
legacy5,intact_synaptic,8,0.10116666666666667,0.099,0.01111155554666702,0.09366666666666666,0.10975,-0.0009166666666666745,-0.005250000000000005,0.01088309085998397,-0.007666666666666673,0.00774999999999999,0.0012962962962962874,-0.0011111111111111196,0.01234617282963002,-0.007037037037037046,0.010833333333333322,0.09674999999999999,0.09625,0.009745511787484534,0.08941666666666666,0.104,0.09391666666666666,0.09325,0.005285987766412888,0.09008333333333333,0.09783333333333334
legacy5,intact_synaptic,9,0.09833333333333333,0.09975,0.009031426613036648,0.09149999999999998,0.1045,-0.0036666666666666722,-0.005750000000000005,0.009379054678733173,-0.010250000000000004,0.00316666666666666,-0.0018518518518518586,-0.00027777777777778564,0.010034918458929608,-0.00944444444444445,0.004999999999999991,0.09666666666666666,0.096,0.009734817238483046,0.08925,0.104,0.09483333333333334,0.095,0.0037103458958251713,0.09208333333333334,0.09733333333333334
legacy5,intact_synaptic,10,0.09949999999999999,0.09925,0.005999999999999999,0.09491666666666666,0.10366666666666667,-0.002583333333333338,-0.0020000000000000018,0.0061839846916585004,-0.0069166666666666725,0.001833333333333328,-0.0005555555555555613,-0.000833333333333334,0.006666666666666667,-0.0056481481481481565,0.004074074074074067,0.09666666666666666,0.096,0.009734817238483046,0.08925,0.104,0.09733333333333333,0.0985,0.0033714487489307455,0.09458333333333334,0.09933333333333334
legacy5,intact_synaptic,11,0.10216666666666667,0.10025,0.006501281924871944,0.09758333333333334,0.107,0.0001666666666666622,0.0002499999999999933,0.009416297927883687,-0.0068333333333333345,0.006749999999999995,0.002407407407407401,0.00027777777777777035,0.007223646583191049,-0.0026851851851851876,0.007777777777777772,0.09658333333333331,0.096,0.009764305744223021,0.08925,0.104,0.09683333333333334,0.09725,0.003970726214015101,0.09375000000000001,0.09950208333333332
legacy5,intact_synaptic,12,0.09899999999999999,0.10200000000000001,0.006074537019394976,0.09424999999999999,0.103,-0.0035000000000000053,0.0010000000000000009,0.010124228365658293,-0.01183333333333334,0.002333333333333326,-0.00111111111111112,0.0022222222222222166,0.0067494855771055295,-0.006388888888888898,0.0033333333333333236,0.09658333333333334,0.096,0.009835734170191195,0.08925000000000001,0.104,0.09599999999999999,0.0965,0.00479583152331272,0.09266666666666666,0.09933333333333334
legacy5,intact_synaptic,13,0.09975,0.09875,0.004192254763250914,0.09683333333333334,0.103,-0.002333333333333338,-0.0017500000000000016,0.006831300510639728,-0.007500000000000002,0.002499999999999993,-0.0002777777777777831,-0.00138888888888889,0.0046580608480565715,-0.003518518518518521,0.0033333333333333257,0.09658333333333334,0.096,0.009835734170191195,0.08925000000000001,0.104,0.09724999999999999,0.09825,0.0049066281701388385,0.09341666666666666,0.10058333333333334
legacy5,intact_synaptic,14,0.10041666666666667,0.09875,0.004587119648174292,0.09725000000000002,0.10391666666666667,-0.0016666666666666705,-0.0020000000000000018,0.00503653319920227,-0.004833333333333338,0.0024999999999999953,0.00046296296296295816,-0.00138888888888889,0.0050967996090825465,-0.003055555555555558,0.0043518518518518455,0.09950000000000002,0.098,0.0066105975524153645,0.09550000000000002,0.10483541666666664,0.09475,0.09725,0.007160656394493456,0.08900000000000001,0.09941666666666667
legacy5,intact_synaptic,15,0.09908333333333334,0.09825,0.0059784334625942485,0.09491666666666666,0.10350000000000002,-0.0046666666666666705,-0.005500000000000005,0.005105552532945541,-0.00825,-0.0007500000000000053,-0.0010185185185185245,-0.001944444444444446,0.006642703847326943,-0.005648148148148153,0.003888888888888885,0.09941666666666667,0.098,0.006681441960136051,0.09533333333333334,0.10475416666666662,0.09941666666666665,0.09975,0.005739483135846527,0.09541666666666666,0.10391666666666667
legacy5,intact_synaptic,16,0.09333333333333332,0.09375,0.007972870666621066,0.08733333333333332,0.09908333333333331,-0.011583333333333336,-0.012250000000000004,0.006895046531145868,-0.016333333333333335,-0.006083333333333339,-0.007407407407407414,-0.00694444444444445,0.008858745185134518,-0.01407407407407408,-0.0010185185185185269,0.09941666666666667,0.098,0.006681441960136051,0.09533333333333334,0.10475416666666662,0.09949999999999999,0.09775,0.008,0.09416666666666666,0.10575
legacy5,intact_synaptic,17,0.10108333333333332,0.10200000000000001,0.007445916106609492,0.09549999999999999,0.10675,-0.0036666666666666675,-0.0050000000000000044,0.008256310717667227,-0.009333333333333334,0.002835416666666639,0.001203703703703697,0.0022222222222222166,0.008273240118454992,-0.005000000000000009,0.007499999999999993,0.09941666666666667,0.098,0.006681441960136051,0.09533333333333334,0.10475416666666662,0.10291666666666667,0.103,0.004306003560921269,0.09999999999999999,0.10616666666666667
legacy5,intact_synaptic,18,0.10125,0.1045,0.006509608283145767,0.09633333333333333,0.10558333333333335,-0.002250000000000004,-0.0025000000000000022,0.005811626278418117,-0.006333333333333339,0.001999999999999995,0.0013888888888888798,0.004999999999999989,0.007232898092384187,-0.004074074074074083,0.006203703703703694,0.09958333333333332,0.098,0.0068877911311730905,0.09533333333333334,0.10508541666666667,0.09891666666666667,0.09725,0.004443159536486017,0.09591666666666666,0.10233333333333335
legacy5,intact_synaptic,19,0.09866666666666668,0.09775,0.006904105059069328,0.09408333333333334,0.10408749999999997,-0.005833333333333334,-0.00825,0.008152709161172543,-0.01141666666666667,0.0005000000000000004,-0.0014814814814814849,-0.0025000000000000022,0.007671227843410364,-0.006574074074074079,0.004541666666666598,0.09949999999999999,0.09775,0.006906518659932804,0.09525000000000002,0.10508333333333335,0.10041666666666667,0.0995,0.0068221453126319906,0.09599999999999999,0.10533333333333333
legacy5,intact_synaptic,20,0.10033333333333334,0.09975,0.0056095157247900325,0.09624999999999999,0.10433333333333333,-0.0028333333333333383,-0.0040000000000000036,0.0048027769744874325,-0.005583333333333339,0.0011666666666666607,0.0003703703703703632,-0.00027777777777778564,0.006232795249766702,-0.004166666666666673,0.0048148148148148065,0.09949999999999999,0.09775,0.006906518659932804,0.09525000000000002,0.10508333333333335,0.09675,0.0975,0.007346767996881347,0.09066666666666667,0.10158333333333334
