normalization,model,schedule,epochs,readout_type,n,recall_mean,recall_min,recall_max,train_accuracy,cross_entropy
incoming_l1,fly,mbon_after_kc,400,affine,6,6.0,5,8,0.48743718592964824,1.4562829507562292
incoming_l1,fly,mbon_after_kc,400,nonlinear,18,5.722222222222222,0,19,0.8232830820770519,0.5763514439665289
incoming_l1,fly,mbon_after_kc,2000,affine,6,6.333333333333333,5,8,0.5510887772194305,1.3044488315882885
incoming_l1,fly,mbon_after_kc,2000,nonlinear,18,9.166666666666666,0,29,0.8738135120044668,0.4010304151569084
incoming_l1,fly,sync_one,400,affine,6,5.0,5,5,0.42462311557788945,1.631329342582398
incoming_l1,fly,sync_one,400,nonlinear,18,3.5555555555555554,0,10,0.7604690117252931,0.7204859420751677
incoming_l1,fly,sync_one,2000,affine,6,7.166666666666667,5,9,0.4773869346733668,1.517086258786298
incoming_l1,fly,sync_one,2000,nonlinear,18,4.277777777777778,0,10,0.8026242322724735,0.5745179484606788
incoming_l1,role_shuffled,mbon_after_kc,400,affine,6,6.333333333333333,5,8,0.5644891122278056,1.2740254168330587
incoming_l1,role_shuffled,mbon_after_kc,400,nonlinear,18,6.5,0,24,0.876605248464545,0.4239865563374352
incoming_l1,role_shuffled,mbon_after_kc,2000,affine,6,7.666666666666667,6,9,0.6415410385259631,1.079361960113084
incoming_l1,role_shuffled,mbon_after_kc,2000,nonlinear,18,14.5,0,66,0.9173646007816861,0.2660806105118375
incoming_l1,role_shuffled,sync_one,400,affine,6,7.833333333333333,5,10,0.4614740368509212,1.5249444369841711
incoming_l1,role_shuffled,sync_one,400,nonlinear,18,5.333333333333333,0,30,0.7920156337241764,0.6624034144071844
incoming_l1,role_shuffled,sync_one,2000,affine,6,9.5,9,11,0.52428810720268,1.3723097155726112
incoming_l1,role_shuffled,sync_one,2000,nonlinear,18,5.0,0,16,0.843104410943607,0.4997683781217563
spectral,fly,mbon_after_kc,400,affine,6,6.166666666666667,5,7,0.4338358458961474,1.574555798080361
spectral,fly,mbon_after_kc,400,nonlinear,18,4.444444444444445,0,9,0.8076493579006141,0.5941211783506091
spectral,fly,mbon_after_kc,2000,affine,6,6.666666666666667,5,9,0.46817420435510887,1.4800703702297566
spectral,fly,mbon_after_kc,2000,nonlinear,18,6.222222222222222,0,37,0.8707426018983808,0.3928767981800206
spectral,fly,sync_one,400,affine,6,6.666666666666667,5,10,0.3844221105527638,1.6970319310693622
spectral,fly,sync_one,400,nonlinear,18,3.0,0,12,0.7543271915131212,0.7652322978799683
spectral,fly,sync_one,2000,affine,6,7.5,5,10,0.41541038525963153,1.6312736820941962
spectral,fly,sync_one,2000,nonlinear,18,3.3333333333333335,0,17,0.8009491903964265,0.6153741049132685
spectral,role_shuffled,mbon_after_kc,400,affine,6,5.333333333333333,5,7,0.45393634840871017,1.509048076300396
spectral,role_shuffled,mbon_after_kc,400,nonlinear,18,5.444444444444445,1,24,0.8216080402010051,0.5764660357206792
spectral,role_shuffled,mbon_after_kc,2000,affine,6,6.666666666666667,5,8,0.5,1.4025657365211022
spectral,role_shuffled,mbon_after_kc,2000,nonlinear,18,11.444444444444445,0,46,0.8735343383584591,0.40358601776821773
spectral,role_shuffled,sync_one,400,affine,6,7.5,5,9,0.4061976549413735,1.670996019311647
spectral,role_shuffled,sync_one,400,nonlinear,18,4.277777777777778,0,13,0.7710776102735902,0.7127647316241722
spectral,role_shuffled,sync_one,2000,affine,6,8.833333333333334,8,9,0.44053601340033505,1.5958764676031738
spectral,role_shuffled,sync_one,2000,nonlinear,18,4.111111111111111,0,13,0.8246789503070909,0.5612769193941057
