cohort,seed,dataset_seed,family,circuit_seed,level,topology,calibration,strength,noise_seed,artifact,repeated_setting,exact_prefix_bits,first_error_position,accuracy,prefix32,censored,effective_rank,active_neurons_mean,activity_sparsity,mbon_mean_abs,mbon_sparsity,temporal_cosine,standardized_clean_mse,mean_target_probability,mean_confidence,clipped_coordinates,accuracy_1_32,accuracy_33_64,accuracy_65_128,accuracy_129_197,raw_state_effective_rank,raw_mbon_mean_abs,raw_mbon_sparsity,raw_temporal_cosine,mean_injected_energy,mean_clipped_energy,post_error_accuracy,exact_prefix_symbols,clean_prefix,retention,teacher_accuracy,expected_energy
discovery,9142,9242,random,702,legacy5,intact,clean,0.0,498001,clean.npz,True,136.19905189038184,42,0.25888324873096447,True,False,13.202475586153637,645.9441624365483,0.058390433765964644,0.012516690504627535,0.00021150592216582064,0.9637981118776437,0.0,0.2528406348316474,0.8464381942029209,0,1.0,0.375,0.03125,0.07246376811594203,13.202475586153637,0.012516690504627535,0.00021150592216582064,0.9637981118776437,0.0,0.0,0.06451612903225806,41,41,1.0,,
discovery,9142,9242,random,702,legacy5,intact,common,0.0003,498001,common_dose0_noise0.npz,False,136.19905189038184,42,0.25888324873096447,True,False,13.204623068770156,645.9441624365483,0.058390433765964644,0.0125166886801852,0.0,0.9637979260554276,3.4133800526845085e-08,0.2528686672537643,0.8461901635683668,0,1.0,0.375,0.03125,0.07246376811594203,13.202475586153637,0.012516690504627535,0.00021150592216582064,0.9637981118776437,4.7558425066497783e-11,4.7558425066498876e-11,0.06451612903225806,41,41,1.0,0.8527918781725888,4.684971997885372e-11
discovery,9142,9242,random,702,legacy5,intact,common,0.0003,498002,common_dose0_noise1.npz,False,136.19905189038184,42,0.25888324873096447,True,False,13.205099246014589,645.9441624365483,0.058390433765964644,0.012516682776342497,0.00010575296108291032,0.9637978962262905,3.421205678812328e-08,0.2528637677231751,0.8464794163753739,0,1.0,0.375,0.03125,0.07246376811594203,13.202475586153637,0.012516690504627535,0.00021150592216582064,0.9637981118776437,4.834758823164248e-11,4.8347588231643656e-11,0.06451612903225806,41,41,1.0,0.8527918781725888,4.684971997885372e-11
discovery,9142,9242,random,702,legacy5,intact,common,0.0003,498003,common_dose0_noise2.npz,False,136.19905189038184,42,0.25888324873096447,True,False,13.204885577772302,645.9441624365483,0.058390433765964644,0.012516684234245828,0.00021150592216582064,0.963798736575048,3.3977908478287105e-08,0.252838139464817,0.8463064114465283,0,1.0,0.375,0.03125,0.07246376811594203,13.202475586153637,0.012516690504627535,0.00021150592216582064,0.9637981118776437,4.6591907867270586e-11,4.659190786727193e-11,0.06451612903225806,41,41,1.0,0.8527918781725888,4.684971997885372e-11
discovery,9142,9242,random,702,legacy5,intact,own,0.0003,498001,own_dose0_noise0.npz,True,136.19905189038184,42,0.25888324873096447,True,False,13.204623068770156,645.9441624365483,0.058390433765964644,0.0125166886801852,0.0,0.9637979260554276,3.4133800526845085e-08,0.2528686672537643,0.8461901635683668,0,1.0,0.375,0.03125,0.07246376811594203,13.202475586153637,0.012516690504627535,0.00021150592216582064,0.9637981118776437,4.7558425066497783e-11,4.7558425066498876e-11,0.06451612903225806,41,41,1.0,0.8527918781725888,4.684971997885372e-11
discovery,9142,9242,random,702,legacy5,intact,own,0.0003,498002,own_dose0_noise1.npz,True,136.19905189038184,42,0.25888324873096447,True,False,13.205099246014589,645.9441624365483,0.058390433765964644,0.012516682776342497,0.00010575296108291032,0.9637978962262905,3.421205678812328e-08,0.2528637677231751,0.8464794163753739,0,1.0,0.375,0.03125,0.07246376811594203,13.202475586153637,0.012516690504627535,0.00021150592216582064,0.9637981118776437,4.834758823164248e-11,4.8347588231643656e-11,0.06451612903225806,41,41,1.0,0.8527918781725888,4.684971997885372e-11
discovery,9142,9242,random,702,legacy5,intact,own,0.0003,498003,own_dose0_noise2.npz,True,136.19905189038184,42,0.25888324873096447,True,False,13.204885577772302,645.9441624365483,0.058390433765964644,0.012516684234245828,0.00021150592216582064,0.963798736575048,3.3977908478287105e-08,0.252838139464817,0.8463064114465283,0,1.0,0.375,0.03125,0.07246376811594203,13.202475586153637,0.012516690504627535,0.00021150592216582064,0.9637981118776437,4.6591907867270586e-11,4.659190786727193e-11,0.06451612903225806,41,41,1.0,0.8527918781725888,4.684971997885372e-11
discovery,9142,9242,random,702,legacy5,intact,coordinate,0.0003,498001,coordinate_dose0_noise0.npz,False,136.19905189038184,42,0.25888324873096447,True,False,13.20611218615324,645.9441624365483,0.058390433765964644,0.012516687545612332,0.0,0.9637978067296094,8.978809482654583e-08,0.25288586458364215,0.8460335503699298,0,1.0,0.375,0.03125,0.07246376811594203,13.202475586153637,0.012516690504627535,0.00021150592216582064,0.9637981118776437,1.251012285114151e-10,1.2510122851141511e-10,0.06451612903225806,41,41,1.0,0.8527918781725888,1.2323699778904368e-10
discovery,9142,9242,random,702,legacy5,intact,coordinate,0.0003,498002,coordinate_dose0_noise1.npz,False,136.19905189038184,42,0.25888324873096447,True,False,13.206897162728627,645.9441624365483,0.058390433765964644,0.012516677970324599,0.0,0.9637977581838401,8.999394593307371e-08,0.2528776693266258,0.8465031799684659,0,1.0,0.375,0.03125,0.07246376811594203,13.202475586153637,0.012516690504627535,0.00021150592216582064,0.9637981118776437,1.2717710216193055e-10,1.271771021619306e-10,0.06451612903225806,41,41,1.0,0.8527918781725888,1.2323699778904368e-10
discovery,9142,9242,random,702,legacy5,intact,coordinate,0.0003,498003,coordinate_dose0_noise2.npz,False,136.19905189038184,42,0.25888324873096447,True,False,13.20655053466253,645.9441624365483,0.058390433765964644,0.01251668033826242,0.00021150592216582064,0.9637991214232253,8.937802475457803e-08,0.25283559633631875,0.8462218269917882,0,1.0,0.375,0.03125,0.07246376811594203,13.202475586153637,0.012516690504627535,0.00021150592216582064,0.9637981118776437,1.225588295814322e-10,1.2255882958143384e-10,0.06451612903225806,41,41,1.0,0.8527918781725888,1.2323699778904368e-10
discovery,9142,9242,random,702,legacy5,intact,common,0.03,498001,common_dose1_noise0.npz,False,109.62362713128296,34,0.26903553299492383,True,False,14.466920005391017,645.9441624365483,0.058390433765964644,0.012337857240355582,0.0,0.9645168059361372,1.7740784459358585,0.25072703969992355,0.8338895086445316,0,1.0,0.09375,0.140625,0.13043478260869565,13.86596098051712,0.012336841372695868,0.00021150592216582064,0.9645207063967609,4.75584250664978e-07,4.755842506649779e-07,0.12269938650306748,33,41,0.8048780487804879,0.7918781725888325,4.6849719978853727e-07
discovery,9142,9242,random,702,legacy5,intact,common,0.03,498002,common_dose1_noise1.npz,False,136.19905189038184,42,0.3197969543147208,True,False,13.993668150359456,645.9441624365483,0.058390433765964644,0.012480596972250985,0.0,0.9647129039197481,1.0879852376307675,0.3062382189977823,0.8183111825923101,0,1.0,0.40625,0.125,0.14492753623188406,13.42235999554471,0.012481340211895552,0.00021150592216582064,0.9647885359496092,4.834758823164248e-07,4.834758823164247e-07,0.14193548387096774,41,41,1.0,0.8121827411167513,4.6849719978853727e-07
discovery,9142,9242,random,702,legacy5,intact,common,0.03,498003,common_dose1_noise2.npz,False,69.7604899926346,22,0.19796954314720813,False,False,13.612416314088938,645.9441624365483,0.058390433765964644,0.012420930145836914,0.0,0.9646376931770375,1.8179077578452851,0.18734856045561654,0.7998202001590061,0,0.75,0.0625,0.046875,0.14492753623188406,13.016957044336671,0.012421169274465063,0.00021150592216582064,0.9646432906929678,4.65919078672706e-07,4.65919078672706e-07,0.10285714285714286,21,41,0.5121951219512195,0.8121827411167513,4.6849719978853727e-07
discovery,9142,9242,random,702,legacy5,intact,own,0.03,498001,own_dose1_noise0.npz,True,109.62362713128296,34,0.26903553299492383,True,False,14.466920005391017,645.9441624365483,0.058390433765964644,0.012337857240355582,0.0,0.9645168059361372,1.7740784459358585,0.25072703969992355,0.8338895086445316,0,1.0,0.09375,0.140625,0.13043478260869565,13.86596098051712,0.012336841372695868,0.00021150592216582064,0.9645207063967609,4.75584250664978e-07,4.755842506649779e-07,0.12269938650306748,33,41,0.8048780487804879,0.7918781725888325,4.6849719978853727e-07
discovery,9142,9242,random,702,legacy5,intact,own,0.03,498002,own_dose1_noise1.npz,True,136.19905189038184,42,0.3197969543147208,True,False,13.993668150359456,645.9441624365483,0.058390433765964644,0.012480596972250985,0.0,0.9647129039197481,1.0879852376307675,0.3062382189977823,0.8183111825923101,0,1.0,0.40625,0.125,0.14492753623188406,13.42235999554471,0.012481340211895552,0.00021150592216582064,0.9647885359496092,4.834758823164248e-07,4.834758823164247e-07,0.14193548387096774,41,41,1.0,0.8121827411167513,4.6849719978853727e-07
discovery,9142,9242,random,702,legacy5,intact,own,0.03,498003,own_dose1_noise2.npz,True,69.7604899926346,22,0.19796954314720813,False,False,13.612416314088938,645.9441624365483,0.058390433765964644,0.012420930145836914,0.0,0.9646376931770375,1.8179077578452851,0.18734856045561654,0.7998202001590061,0,0.75,0.0625,0.046875,0.14492753623188406,13.016957044336671,0.012421169274465063,0.00021150592216582064,0.9646432906929678,4.65919078672706e-07,4.65919078672706e-07,0.10285714285714286,21,41,0.5121951219512195,0.8121827411167513,4.6849719978853727e-07
discovery,9142,9242,random,702,legacy5,intact,coordinate,0.03,498001,coordinate_dose1_noise0.npz,False,16.609640474436812,6,0.10152284263959391,False,False,15.22383271055566,645.9441624365483,0.058390433765964644,0.01242560914779827,0.0,0.9641487833043848,1.8317176433661866,0.10305033034406404,0.7943020344695083,0,0.25,0.09375,0.0625,0.07246376811594203,14.182860338073136,0.012424718443849517,0.00021150592216582064,0.9642263007066503,1.251012285114151e-06,1.251012285114151e-06,0.07853403141361257,5,41,0.12195121951219512,0.7309644670050761,1.2323699778904371e-06
discovery,9142,9242,random,702,legacy5,intact,coordinate,0.03,498002,coordinate_dose1_noise1.npz,False,69.7604899926346,22,0.15736040609137056,False,False,14.296153760337418,645.9441624365483,0.058390433765964644,0.0123847740999858,0.0,0.964297485838162,1.6389421072454189,0.16168578574102127,0.8363281875974122,0,0.6875,0.125,0.03125,0.043478260869565216,13.32676867418017,0.012385474830707597,0.00021150592216582064,0.9644014857074331,1.2717710216193057e-06,1.2717710216193052e-06,0.05714285714285714,21,41,0.5121951219512195,0.7614213197969543,1.2323699778904371e-06
discovery,9142,9242,random,702,legacy5,intact,coordinate,0.03,498003,coordinate_dose1_noise2.npz,False,13.287712379549449,5,0.116751269035533,False,False,13.742532215504474,645.9441624365483,0.058390433765964644,0.012810176243871305,0.0,0.9646198432125118,1.8082926558091057,0.12404925963054567,0.7883485751896185,0,0.15625,0.0625,0.09375,0.14492753623188406,12.726561511857936,0.012809857558476101,0.00021150592216582064,0.9646990319590037,1.2255882958143224e-06,1.225588295814322e-06,0.09895833333333333,4,41,0.0975609756097561,0.7309644670050761,1.2323699778904371e-06
discovery,9142,9242,random,702,legacy5,intact,common,0.3,498001,common_dose2_noise0.npz,False,3.321928094887362,2,0.116751269035533,False,False,19.73856915041587,645.9441624365483,0.058390433765964644,0.012591583383223503,0.0,0.9607547214778469,1.9089506825858233,0.11112753485832108,0.7960093678182202,0,0.09375,0.09375,0.140625,0.11594202898550725,13.583660714592607,0.012574126111517848,0.00021150592216582064,0.964208676428632,4.755842506649781e-05,4.755842506649781e-05,0.11282051282051282,1,41,0.024390243902439025,0.4416243654822335,4.684971997885373e-05
discovery,9142,9242,random,702,legacy5,intact,common,0.3,498002,common_dose2_noise1.npz,False,6.643856189774724,3,0.050761421319796954,False,False,20.14487412218249,645.9441624365483,0.058390433765964644,0.012444715241133735,0.0,0.9591029684927691,1.8779938234870661,0.07212609486922582,0.8005242808013933,0,0.0625,0.09375,0.0625,0.014492753623188406,13.968760926252687,0.012441239435926461,0.00021150592216582064,0.9635905239114838,4.834758823164249e-05,4.8347588231642496e-05,0.041237113402061855,2,41,0.04878048780487805,0.4467005076142132,4.684971997885373e-05
discovery,9142,9242,random,702,legacy5,intact,common,0.3,498003,common_dose2_noise2.npz,False,9.965784284662087,4,0.13705583756345177,False,False,20.061976940168847,645.9441624365483,0.058390433765964644,0.01261321377628327,0.0,0.959608259883288,1.9094276898445106,0.1321545229952887,0.8088299642029471,0,0.125,0.15625,0.140625,0.13043478260869565,13.88799926590548,0.012600823695967664,0.00021150592216582064,0.9641277271264386,4.659190786727061e-05,4.659190786727061e-05,0.12435233160621761,3,41,0.07317073170731707,0.4263959390862944,4.684971997885373e-05
discovery,9142,9242,random,702,legacy5,intact,own,0.3,498001,own_dose2_noise0.npz,True,3.321928094887362,2,0.116751269035533,False,False,19.73856915041587,645.9441624365483,0.058390433765964644,0.012591583383223503,0.0,0.9607547214778469,1.9089506825858233,0.11112753485832108,0.7960093678182202,0,0.09375,0.09375,0.140625,0.11594202898550725,13.583660714592607,0.012574126111517848,0.00021150592216582064,0.964208676428632,4.755842506649781e-05,4.755842506649781e-05,0.11282051282051282,1,41,0.024390243902439025,0.4416243654822335,4.684971997885373e-05
discovery,9142,9242,random,702,legacy5,intact,own,0.3,498002,own_dose2_noise1.npz,True,6.643856189774724,3,0.050761421319796954,False,False,20.14487412218249,645.9441624365483,0.058390433765964644,0.012444715241133735,0.0,0.9591029684927691,1.8779938234870661,0.07212609486922582,0.8005242808013933,0,0.0625,0.09375,0.0625,0.014492753623188406,13.968760926252687,0.012441239435926461,0.00021150592216582064,0.9635905239114838,4.834758823164249e-05,4.8347588231642496e-05,0.041237113402061855,2,41,0.04878048780487805,0.4467005076142132,4.684971997885373e-05
discovery,9142,9242,random,702,legacy5,intact,own,0.3,498003,own_dose2_noise2.npz,True,9.965784284662087,4,0.13705583756345177,False,False,20.061976940168847,645.9441624365483,0.058390433765964644,0.01261321377628327,0.0,0.959608259883288,1.9094276898445106,0.1321545229952887,0.8088299642029471,0,0.125,0.15625,0.140625,0.13043478260869565,13.88799926590548,0.012600823695967664,0.00021150592216582064,0.9641277271264386,4.659190786727061e-05,4.659190786727061e-05,0.12435233160621761,3,41,0.07317073170731707,0.4263959390862944,4.684971997885373e-05
discovery,9142,9242,random,702,legacy5,intact,coordinate,0.3,498001,coordinate_dose2_noise0.npz,False,3.321928094887362,2,0.1116751269035533,False,False,22.407685724941803,645.9441624365483,0.058390433765964644,0.012538715610600472,0.0,0.9560727313551547,2.281549733741899,0.12403236294429915,0.7985230011110667,0,0.21875,0.09375,0.078125,0.10144927536231885,13.51915447066606,0.012489206610960644,0.00021150592216582064,0.965648629992493,0.00012510122851141508,0.00012510122851141508,0.1076923076923077,1,41,0.024390243902439025,0.350253807106599,0.0001232369977890437
discovery,9142,9242,random,702,legacy5,intact,coordinate,0.3,498002,coordinate_dose2_noise1.npz,False,3.321928094887362,2,0.15736040609137056,False,False,23.660198830135798,645.9441624365483,0.058390433765964644,0.012505473099345014,0.0,0.9515954658490222,1.8918336361322146,0.14736998227980053,0.8118652748115309,0,0.28125,0.15625,0.171875,0.08695652173913043,14.26014594562797,0.012483175121583031,0.00021150592216582064,0.9627135256033237,0.00012717710216193055,0.00012717710216193057,0.15384615384615385,1,41,0.024390243902439025,0.3756345177664975,0.0001232369977890437
discovery,9142,9242,random,702,legacy5,intact,coordinate,0.3,498003,coordinate_dose2_noise2.npz,False,3.321928094887362,2,0.10152284263959391,False,False,23.608458329726968,645.9441624365483,0.058390433765964644,0.012549009741097485,0.0,0.9547707437796448,1.6986996875464446,0.09851881746064205,0.8278779139324862,0,0.125,0.09375,0.078125,0.11594202898550725,14.045850564828147,0.01252033078005829,0.00021150592216582064,0.9643428582665786,0.00012255882958143224,0.00012255882958143224,0.09743589743589744,1,41,0.024390243902439025,0.3197969543147208,0.0001232369977890437
