cohort,seed,circuit_seed,level,kind,strength,sigma,training_scale,mode,artifact,reused_clean,pi_memory_score,exact_prefix_bits,first_error_position,accuracy,prefix32,censored,effective_rank,active_neurons_mean,activity_sparsity,mbon_mean_abs,mbon_sparsity,temporal_cosine,standardized_clean_mse,mean_target_probability,mean_confidence,clipped_coordinates,accuracy_1_32,accuracy_33_64,accuracy_65_128,accuracy_129_197
discovery,7144,701,legacy5,clean,0.0,0.0,0.003961010234502606,autonomous,dose0_autonomous.npz,False,37,122.9113395108324,38,0.26903553299492383,True,False,14.551619526117404,647.9289340101523,0.0554971807432183,0.011553892625072624,0.00021150592216582064,0.9590623011947139,0.0,0.2705229433224357,0.8755480538965622,0,1.0,0.28125,0.09375,0.08695652173913043
discovery,7144,701,legacy5,clean,0.0,0.0,0.003961010234502606,teacher,dose0_teacher.npz,False,37,122.9113395108324,38,0.9137055837563451,True,False,14.262210991858284,647.9289340101523,0.0554971807432183,0.011560523502047155,0.00021150592216582064,0.9574659188685919,0.0,0.8516464474201182,0.869675370539442,0,1.0,0.875,0.890625,0.9130434782608695
discovery,7144,701,legacy5,ongoing,0.0003,1.1883030703507816e-06,0.003961010234502606,autonomous,dose1_autonomous.npz,False,37,122.9113395108324,38,0.26903553299492383,True,False,14.55834985322873,685.7817258883249,0.0003181838362610323,0.01155388591720903,0.0,0.959061851406645,9.057917225275906e-07,0.2704130815416126,0.8754337240460954,0,1.0,0.28125,0.09375,0.08695652173913043
discovery,7144,701,legacy5,ongoing,0.0003,1.1883030703507816e-06,0.003961010234502606,teacher,dose1_teacher.npz,False,37,122.9113395108324,38,0.9137055837563451,True,False,14.268667858715302,685.7817258883249,0.0003181838362610323,0.011560516158822665,0.0,0.9574654288417405,9.057987160540637e-07,0.8514965575987572,0.869573776564663,0,1.0,0.875,0.890625,0.9130434782608695
discovery,7144,701,legacy5,ongoing,0.03,0.00011883030703507817,0.003961010234502606,autonomous,dose2_autonomous.npz,False,1,3.321928094887362,2,0.14720812182741116,False,False,15.564797393526987,685.994923857868,7.3996240991247575e-06,0.011284888183961887,0.0,0.9619458299883904,1.6285318567478124,0.12444864319132197,0.8194182990324771,0,0.15625,0.0625,0.140625,0.18840579710144928
discovery,7144,701,legacy5,ongoing,0.03,0.00011883030703507817,0.003961010234502606,teacher,dose2_teacher.npz,False,1,3.321928094887362,2,0.6294416243654822,False,False,15.444677029503973,685.994923857868,7.3996240991247575e-06,0.011560177795376735,0.0,0.9573674135391802,0.00905798709602554,0.5982592944557065,0.8259271920851833,0,0.71875,0.59375,0.609375,0.6231884057971014
discovery,7144,701,legacy5,ongoing,0.3,0.0011883030703507818,0.003961010234502606,autonomous,dose3_autonomous.npz,False,0,0.0,1,0.09644670050761421,False,False,26.405036481390695,686.0,0.0,0.011666802687247808,0.0,0.9551164096088638,2.534957277722639,0.09455728642996504,0.8563597913730181,0,0.0625,0.1875,0.09375,0.07246376811594203
discovery,7144,701,legacy5,ongoing,0.3,0.0011883030703507818,0.003961010234502606,teacher,dose3_teacher.npz,False,0,0.0,1,0.2182741116751269,False,False,26.35889640265147,686.0,0.0,0.011614288421088092,0.0,0.9519922292158124,0.905798338926489,0.20965764392685227,0.849844571407907,0,0.21875,0.1875,0.21875,0.2318840579710145
discovery,7144,701,legacy5,ongoing,0.0,0.0,0.003961010234502606,autonomous,dose0_autonomous.npz,True,37,122.9113395108324,38,0.26903553299492383,True,False,14.551619526117404,647.9289340101523,0.0554971807432183,0.011553892625072624,0.00021150592216582064,0.9590623011947139,0.0,0.2705229433224357,0.8755480538965622,0,1.0,0.28125,0.09375,0.08695652173913043
