cohort,block_index,seed,dataset_seed,family,circuit_seed,level,topology,calibration,strength,noise_seed,artifact,exact_prefix_bits,first_error_position,accuracy,prefix32,censored,effective_rank,active_neurons_mean,activity_sparsity,mbon_mean_abs,mbon_sparsity,temporal_cosine,standardized_clean_mse,mean_target_probability,mean_confidence,clipped_coordinates,accuracy_1_32,accuracy_33_64,accuracy_65_128,accuracy_129_197,raw_state_effective_rank,raw_mbon_mean_abs,raw_mbon_sparsity,raw_temporal_cosine,mean_injected_energy,mean_clipped_energy,post_error_accuracy,exact_prefix_symbols,clean_prefix,retention,teacher_accuracy,expected_energy
discovery,3,680004,690004,random,702,legacy5,intact,clean,0.0,699001,clean.npz,139.5209799852692,43,0.30456852791878175,True,False,14.401376802342863,645.9390862944163,0.05839783339006377,0.013042477652684086,0.00021150592216582064,0.9767630202779639,0.0,0.28741514979033317,0.786352563768314,0,1.0,0.40625,0.078125,0.14492753623188406,14.401376802342863,0.013042477652684086,0.00021150592216582064,0.9767630202779639,0.0,0.0,0.11688311688311688,42,42,1.0,,
discovery,3,680004,690004,random,702,legacy5,intact,own,0.0003,699001,own_dose0_noise0.npz,139.5209799852692,43,0.30456852791878175,True,False,14.405281009723193,645.9390862944163,0.05839783339006377,0.013042486204535523,0.0,0.9767632486683656,4.77300309869287e-08,0.2874221742046332,0.7863669634848468,0,1.0,0.40625,0.078125,0.14492753623188406,14.401376802342863,0.013042477652684086,0.00021150592216582064,0.9767630202779639,5.746545693865716e-11,5.7465456938657615e-11,0.11688311688311688,42,42,1.0,0.8375634517766497,5.721819353656998e-11
discovery,3,680004,690004,random,702,legacy5,intact,own,0.0003,699002,own_dose0_noise1.npz,139.5209799852692,43,0.30456852791878175,True,False,14.404935821942976,645.9390862944163,0.05839783339006377,0.01304247515068123,0.00010575296108291032,0.9767629976653006,4.7403672883703604e-08,0.2874337058456579,0.7863156972388258,0,1.0,0.40625,0.078125,0.14492753623188406,14.401376802342863,0.013042477652684086,0.00021150592216582064,0.9767630202779639,5.5778519589758146e-11,5.577851958975857e-11,0.11688311688311688,42,42,1.0,0.8375634517766497,5.721819353656998e-11
discovery,3,680004,690004,random,702,legacy5,intact,own,0.0003,699003,own_dose0_noise2.npz,139.5209799852692,43,0.30456852791878175,True,False,14.405262100101817,645.9390862944163,0.05839783339006377,0.013042481129526816,0.0,0.9767625082379349,4.7665913148425e-08,0.2874097180706692,0.7862099794140226,0,1.0,0.40625,0.078125,0.14492753623188406,14.401376802342863,0.013042477652684086,0.00021150592216582064,0.9767630202779639,5.581650305646983e-11,5.5816503056470966e-11,0.11688311688311688,42,42,1.0,0.8375634517766497,5.721819353656998e-11
discovery,3,680004,690004,random,702,legacy5,intact,coordinate,0.0003,699001,coordinate_dose0_noise0.npz,139.5209799852692,43,0.30456852791878175,True,False,14.406895564131187,645.9390862944163,0.05839783339006377,0.013042489388011053,0.0,0.9767633313260755,8.9879740419098e-08,0.2874244626120236,0.7863712992180568,0,1.0,0.40625,0.078125,0.14492753623188406,14.401376802342863,0.013042477652684086,0.00021150592216582064,0.9767630202779639,1.0821238213999386e-10,1.0821238213999705e-10,0.11688311688311688,42,42,1.0,0.8375634517766497,1.0774676395506486e-10
discovery,3,680004,690004,random,702,legacy5,intact,coordinate,0.0003,699002,coordinate_dose0_noise1.npz,139.5209799852692,43,0.30456852791878175,True,False,14.40644192073504,645.9390862944163,0.05839783339006377,0.01304247421929638,0.00010575296108291032,0.9767629869357306,8.926518013084509e-08,0.28744020155359623,0.7863003977070933,0,1.0,0.40625,0.078125,0.14492753623188406,14.401376802342863,0.013042477652684086,0.00021150592216582064,0.9767630202779639,1.0503573448468757e-10,1.050357344846881e-10,0.11688311688311688,42,42,1.0,0.8375634517766497,1.0774676395506486e-10
discovery,3,680004,690004,random,702,legacy5,intact,coordinate,0.0003,699003,coordinate_dose0_noise2.npz,139.5209799852692,43,0.30456852791878175,True,False,14.406894132269002,645.9390862944163,0.05839783339006377,0.013042482423801377,0.0,0.9767623153584757,8.975900103213153e-08,0.287407093834668,0.7861552823777919,0,1.0,0.40625,0.078125,0.14492753623188406,14.401376802342863,0.013042477652684086,0.00021150592216582064,0.9767630202779639,1.0510726060896763e-10,1.0510726060896708e-10,0.11688311688311688,42,42,1.0,0.8375634517766497,1.0774676395506486e-10
discovery,3,680004,690004,random,702,legacy5,intact,own,0.03,699001,own_dose1_noise0.npz,69.7604899926346,22,0.19289340101522842,False,False,15.932800645471058,645.9390862944163,0.05839783339006377,0.013111499201457495,0.0,0.9742197597082585,1.586351948664384,0.1905327628944739,0.7632611190811561,0,0.75,0.0625,0.125,0.057971014492753624,15.091174923128778,0.01311052660657141,0.00021150592216582064,0.974220148329528,5.746545693865719e-07,5.746545693865717e-07,0.09714285714285714,21,42,0.5,0.7563451776649747,5.721819353656999e-07
discovery,3,680004,690004,random,702,legacy5,intact,own,0.03,699002,own_dose1_noise1.npz,139.5209799852692,43,0.30456852791878175,True,False,15.399687532078351,645.9390862944163,0.05839783339006377,0.012929144715646632,0.0,0.9766944272041854,0.7600498016093168,0.2808439806708349,0.7854003096083665,0,1.0,0.40625,0.078125,0.14492753623188406,14.618405050938721,0.012929497018631603,0.00021150592216582064,0.9767090305174733,5.577851958975815e-07,5.577851958975816e-07,0.11688311688311688,42,42,1.0,0.7563451776649747,5.721819353656999e-07
discovery,3,680004,690004,random,702,legacy5,intact,own,0.03,699003,own_dose1_noise2.npz,6.643856189774724,3,0.15228426395939088,False,False,15.449015616945522,645.9390862944163,0.05839783339006377,0.013348176090826967,0.0,0.9753428788210626,2.1182671940338427,0.14395738283133452,0.7629957497301021,0,0.25,0.03125,0.125,0.18840579710144928,14.64816278150982,0.013348445481211326,0.00021150592216582064,0.9753539774187757,5.581650305646983e-07,5.581650305646983e-07,0.14432989690721648,2,42,0.047619047619047616,0.7106598984771574,5.721819353656999e-07
discovery,3,680004,690004,random,702,legacy5,intact,coordinate,0.03,699001,coordinate_dose1_noise0.npz,26.575424759098897,9,0.12690355329949238,False,False,15.7020809505723,645.9390862944163,0.05839783339006377,0.01318821528584654,0.0,0.9753434314970388,1.7768825749583073,0.13333907867201503,0.7564385060634115,0,0.3125,0.09375,0.109375,0.07246376811594203,14.58036513925717,0.013187165078154555,0.00021150592216582064,0.9754657953498611,1.0821238213999388e-06,1.0821238213999386e-06,0.09042553191489362,8,42,0.19047619047619047,0.7055837563451777,1.0774676395506486e-06
discovery,3,680004,690004,random,702,legacy5,intact,coordinate,0.03,699002,coordinate_dose1_noise1.npz,93.01398665684614,29,0.24873096446700507,False,False,15.80703301840997,645.9390862944163,0.05839783339006377,0.013000882061466015,0.0,0.9754894207388685,1.8195690371004154,0.23005051499772422,0.7620341426502195,0,0.875,0.125,0.109375,0.14492753623188406,14.688098617493592,0.01300162942628129,0.00021150592216582064,0.9756701844214674,1.0503573448468758e-06,1.0503573448468754e-06,0.125,28,42,0.6666666666666666,0.7258883248730964,1.0774676395506486e-06
discovery,3,680004,690004,random,702,legacy5,intact,coordinate,0.03,699003,coordinate_dose1_noise2.npz,6.643856189774724,3,0.09137055837563451,False,False,11.984339544816955,645.9390862944163,0.05839783339006377,0.013773059408627662,0.0,0.9864194314802778,3.3593016469611126,0.1004841780743714,0.642479029883644,0,0.25,0.0,0.09375,0.057971014492753624,10.921834992425492,0.013772783875908879,0.00021150592216582064,0.9865143785277026,1.0510726060896766e-06,1.0510726060896764e-06,0.08247422680412371,2,42,0.047619047619047616,0.6598984771573604,1.0774676395506486e-06
discovery,3,680004,690004,random,702,legacy5,intact,own,0.3,699001,own_dose2_noise0.npz,3.321928094887362,2,0.1218274111675127,False,False,21.857661167546397,645.9390862944163,0.05839783339006377,0.01314733477047457,0.0,0.9708075923371627,2.4245253455137274,0.13418552007876386,0.8056725261417939,0,0.09375,0.03125,0.140625,0.15942028985507245,14.155221555217741,0.013118224203769926,0.00021150592216582064,0.9759611573852738,5.746545693865717e-05,5.746545693865717e-05,0.11794871794871795,1,42,0.023809523809523808,0.38071065989847713,5.721819353656999e-05
discovery,3,680004,690004,random,702,legacy5,intact,own,0.3,699002,own_dose2_noise1.npz,3.321928094887362,2,0.08121827411167512,False,False,22.377816055842104,645.9390862944163,0.05839783339006377,0.013209749332758139,0.0,0.9708404052156187,2.12819519461278,0.0829775081891135,0.7649078959568825,0,0.0625,0.09375,0.0625,0.10144927536231885,14.58638120793198,0.013196668470589019,0.00021150592216582064,0.9753487850735174,5.577851958975814e-05,5.577851958975814e-05,0.07692307692307693,1,42,0.023809523809523808,0.3553299492385787,5.721819353656999e-05
discovery,3,680004,690004,random,702,legacy5,intact,own,0.3,699003,own_dose2_noise2.npz,3.321928094887362,2,0.09137055837563451,False,False,23.03107612980458,645.9390862944163,0.05839783339006377,0.013245662298825596,0.0,0.9692682159201774,1.969518905291582,0.0934610479650718,0.741109245431469,0,0.15625,0.125,0.0625,0.07246376811594203,14.748509635070683,0.013235031076030093,0.00021150592216582064,0.9736383157301575,5.581650305646982e-05,5.5816503056469815e-05,0.08717948717948718,1,42,0.023809523809523808,0.29949238578680204,5.721819353656999e-05
discovery,3,680004,690004,random,702,legacy5,intact,coordinate,0.3,699001,coordinate_dose2_noise0.npz,3.321928094887362,2,0.1218274111675127,False,False,25.81594633368317,645.9390862944163,0.05839783339006377,0.013135860988542938,0.0,0.9665542282108003,2.043579049792499,0.12789849906931172,0.7712512047888274,0,0.15625,0.0625,0.125,0.13043478260869565,15.056879409908925,0.013093070368249192,0.00021150592216582064,0.9747474861042038,0.00010821238213999387,0.00010821238213999387,0.11794871794871795,1,42,0.023809523809523808,0.2893401015228426,0.00010774676395506485
discovery,3,680004,690004,random,702,legacy5,intact,coordinate,0.3,699002,coordinate_dose2_noise1.npz,3.321928094887362,2,0.05583756345177665,False,False,24.447226629258992,645.9390862944163,0.05839783339006377,0.012603257942691168,0.0,0.9639098005549224,2.2935331013516493,0.07314717892733458,0.763450461031656,0,0.0625,0.0625,0.03125,0.07246376811594203,14.219062396588123,0.012573370501437725,0.00021150592216582064,0.9726973062618376,0.00010503573448468755,0.00010503573448468755,0.05128205128205128,1,42,0.023809523809523808,0.3197969543147208,0.00010774676395506485
discovery,3,680004,690004,random,702,legacy5,intact,coordinate,0.3,699003,coordinate_dose2_noise2.npz,3.321928094887362,2,0.08629441624365482,False,False,25.03268792557441,645.9390862944163,0.05839783339006377,0.013108598522782894,0.0,0.9661033588489982,2.030220926526509,0.08678607862325392,0.789026973237495,0,0.125,0.0625,0.109375,0.057971014492753624,14.741287795697339,0.013069920660291367,0.00021150592216582064,0.9744363056158246,0.00010510726060896766,0.00010510726060896766,0.08205128205128205,1,42,0.023809523809523808,0.2436548223350254,0.00010774676395506485
