family,level,seed,exact_prefix_symbols,control_advantage,autonomous_prefix_bits
periodic,brain1,9142,197.0,0.0,654.4198346928104
periodic,brain1,9143,197.0,0.0,654.4198346928104
periodic,brain1,9144,197.0,0.0,654.4198346928104
periodic,brain1,9145,197.0,0.0,654.4198346928104
periodic,brain1,9146,197.0,0.0,654.4198346928104
periodic,legacy5,9142,197.0,0.0,654.4198346928104
periodic,legacy5,9143,197.0,0.0,654.4198346928104
periodic,legacy5,9144,197.0,0.0,654.4198346928104
periodic,legacy5,9145,197.0,0.0,654.4198346928104
periodic,legacy5,9146,197.0,0.0,654.4198346928104
pi,brain1,9142,34.0,33.0,112.94555522617031
pi,brain1,9143,48.5,47.5,161.11351260203708
pi,brain1,9144,36.5,35.5,121.25037546338872
pi,brain1,9145,29.5,28.5,97.99687879917718
pi,brain1,9146,20.0,19.0,66.43856189774723
pi,legacy5,9142,35.5,34.5,117.92844736850137
pi,legacy5,9143,32.0,31.0,106.3016990363956
pi,legacy5,9144,33.5,32.5,111.28459117872664
pi,legacy5,9145,37.0,36.0,122.9113395108324
pi,legacy5,9146,34.5,33.5,114.606519273614
random,brain1,9142,33.5,32.5,111.28459117872664
random,brain1,9143,26.5,25.5,88.0310945145151
random,brain1,9144,17.0,17.0,56.472777613085164
random,brain1,9145,34.0,33.0,112.94555522617031
random,brain1,9146,33.0,33.0,109.62362713128296
random,legacy5,9142,37.0,36.0,122.91133951083239
random,legacy5,9143,25.0,24.0,83.04820237218406
random,legacy5,9144,23.0,23.0,76.40434618240933
random,legacy5,9145,26.0,25.0,86.37013046707142
random,legacy5,9146,19.0,19.0,63.11663380285988
shuffled_pi,brain1,9142,33.5,33.5,111.28459117872663
shuffled_pi,brain1,9143,32.0,32.0,106.3016990363956
shuffled_pi,brain1,9144,33.5,33.5,111.28459117872663
shuffled_pi,brain1,9145,19.5,14.5,64.77759785030356
shuffled_pi,brain1,9146,32.5,31.5,107.96266308383929
shuffled_pi,legacy5,9142,25.0,25.0,83.04820237218405
shuffled_pi,legacy5,9143,18.0,18.0,59.794705707972525
shuffled_pi,legacy5,9144,37.0,37.0,122.9113395108324
shuffled_pi,legacy5,9145,40.5,35.5,134.53808784293818
shuffled_pi,legacy5,9146,35.5,34.5,117.92844736850137
