circuit,seed,normalization,model,schedule,prediction_index,pi_memory_score,teacher_forced_prefix,train_accuracy,weight_sha256,readout_sha256,features
flywire_783_mb_left_kc512_s701,842,spectral,fly,sync_one,0,8,8,0.35175879396984927,dc57b2536a1697e2695991689f43c3164be70f324fd3de3a866124dfca597ddb,25c592301395dc7834bd17487e263702109d03d074f8aebd064a7ebfa2dfd669,48
flywire_783_mb_left_kc512_s701,842,spectral,fly,mbon_after_kc,1,7,7,0.39195979899497485,dc57b2536a1697e2695991689f43c3164be70f324fd3de3a866124dfca597ddb,e1afc2a0ea646d046b692657c15ee56e3b43424d4f12da20cf36f1ca0962ec9f,48
flywire_783_mb_left_kc512_s701,842,spectral,fly,sync_two,2,2,2,0.35175879396984927,dc57b2536a1697e2695991689f43c3164be70f324fd3de3a866124dfca597ddb,1b3fd4721b86955a6da7adf61db0f43b0408940b4fccfde0cdf857b7323db581,48
flywire_783_mb_left_kc512_s701,842,spectral,role_shuffled,sync_one,3,5,5,0.37185929648241206,90ae8d0c13fdc0de8b0d42f4f2216ea251c53fb1d9e6801181ac1a342e7466d1,48061bd7ffdd13fba7ec1c4a5d835bf5575d2f9175e9d1eddbbd5d05029c9206,48
flywire_783_mb_left_kc512_s701,842,spectral,role_shuffled,mbon_after_kc,4,6,6,0.4623115577889447,90ae8d0c13fdc0de8b0d42f4f2216ea251c53fb1d9e6801181ac1a342e7466d1,c7fe44b4ee72216ac24aa7ee7e6e03fc7aa57923bf87c75bc2c20d807381eef8,48
flywire_783_mb_left_kc512_s701,842,spectral,role_shuffled,sync_two,5,2,2,0.3969849246231156,90ae8d0c13fdc0de8b0d42f4f2216ea251c53fb1d9e6801181ac1a342e7466d1,df73b45b71082ba2dc901226570606f76004166312004f52ff3a087688c522e6,48
flywire_783_mb_left_kc512_s701,842,incoming_l1,fly,sync_one,6,5,5,0.4321608040201005,aef93307ea7829859419c0c00817f894b98a62402bc4985874f5b1bfe68b4029,736c589eaea938a8519fe0530ba1420f1c11e37d364c014ea6cb9da9eb8fc9fd,48
flywire_783_mb_left_kc512_s701,842,incoming_l1,fly,mbon_after_kc,7,2,2,0.5125628140703518,aef93307ea7829859419c0c00817f894b98a62402bc4985874f5b1bfe68b4029,cfaaa804b79df7c91e9c0c7fd05ad6b1da442d2059c99a6f39b6dba40833eb80,48
flywire_783_mb_left_kc512_s701,842,incoming_l1,fly,sync_two,8,2,2,0.44221105527638194,aef93307ea7829859419c0c00817f894b98a62402bc4985874f5b1bfe68b4029,0ed0e4839f473fc3be39c1e067338c128b675c5128a67a16a6d746a76a071198,48
flywire_783_mb_left_kc512_s701,842,incoming_l1,role_shuffled,sync_one,9,5,5,0.5125628140703518,38c0d9fb62b6861bae1ff51aa30551edd5e5271203100c573da7865d960cd8eb,f794f08e09f45c3ff712f7c8eba171f59c5d7927172b97ec30f4a7968fa7c138,48
flywire_783_mb_left_kc512_s701,842,incoming_l1,role_shuffled,mbon_after_kc,10,5,5,0.5879396984924623,38c0d9fb62b6861bae1ff51aa30551edd5e5271203100c573da7865d960cd8eb,d3ee88772b22cc547ba0b3fbead2fef8c748ec0ed3af9429e0d70c2943b073c4,48
flywire_783_mb_left_kc512_s701,842,incoming_l1,role_shuffled,sync_two,11,2,2,0.46733668341708545,38c0d9fb62b6861bae1ff51aa30551edd5e5271203100c573da7865d960cd8eb,dc93653982b570fb203d69cd7db9dab6a6072ac3fc84db39caf8131d9f565506,48
flywire_783_mb_left_kc512_s701,843,spectral,fly,sync_one,12,9,9,0.4271356783919598,dc57b2536a1697e2695991689f43c3164be70f324fd3de3a866124dfca597ddb,6a6b73cdff99059f5e253e1e183883edbef4932eaf28cc00ace9abf26758fbbb,48
flywire_783_mb_left_kc512_s701,843,spectral,fly,mbon_after_kc,13,5,5,0.4271356783919598,dc57b2536a1697e2695991689f43c3164be70f324fd3de3a866124dfca597ddb,42cd0e9691fb2b6ef10f00b969b6b96cf42ed41d69b7442084daf0b6dadb9240,48
flywire_783_mb_left_kc512_s701,843,spectral,fly,sync_two,14,1,1,0.35175879396984927,dc57b2536a1697e2695991689f43c3164be70f324fd3de3a866124dfca597ddb,259771f7d1e13ad3c4bf1210fd8c97b69f2c52355f8f8e50190ba6a1f8331ac6,48
flywire_783_mb_left_kc512_s701,843,spectral,role_shuffled,sync_one,15,5,5,0.3768844221105528,ec5faaa0d38dfe3d9f26d906b45b8976ed8ab4c551dc31aa5a4a8d16b4c9828a,1c687a419e365298b989b248503f9e488c95209caecfe338c87d31d3b44eadb4,48
flywire_783_mb_left_kc512_s701,843,spectral,role_shuffled,mbon_after_kc,16,7,7,0.44221105527638194,ec5faaa0d38dfe3d9f26d906b45b8976ed8ab4c551dc31aa5a4a8d16b4c9828a,a41601cc45459d163e0a7ab4f8386f72f378cb60f59b9579e1fdd4952261c58d,48
flywire_783_mb_left_kc512_s701,843,spectral,role_shuffled,sync_two,17,2,2,0.35678391959798994,ec5faaa0d38dfe3d9f26d906b45b8976ed8ab4c551dc31aa5a4a8d16b4c9828a,8f4fb503f134cace4358a30cc03ad731f37f392bfe38383e670cc0f45e956f77,48
flywire_783_mb_left_kc512_s701,843,incoming_l1,fly,sync_one,18,5,5,0.41708542713567837,aef93307ea7829859419c0c00817f894b98a62402bc4985874f5b1bfe68b4029,f1df27c93a5e66dcf7a4d2eff0c0234e9df755d759d057f79ec90a9a6db616e3,48
flywire_783_mb_left_kc512_s701,843,incoming_l1,fly,mbon_after_kc,19,5,5,0.49748743718592964,aef93307ea7829859419c0c00817f894b98a62402bc4985874f5b1bfe68b4029,3ed4fbdbb1a74beea022d819748314a306c7a7c67c494de2a51ffd4743143111,48
flywire_783_mb_left_kc512_s701,843,incoming_l1,fly,sync_two,20,2,2,0.39195979899497485,aef93307ea7829859419c0c00817f894b98a62402bc4985874f5b1bfe68b4029,1a65c77acfa7b7c8ad4b7797fa2ba29f144e2e2e2359839ff2d507febd39413f,48
flywire_783_mb_left_kc512_s701,843,incoming_l1,role_shuffled,sync_one,21,5,5,0.45226130653266333,46fdd1e6043c0914a724b92dc54d75047f1a0f5282120a564be0cd6a40cb7df8,bcbd36b0a518c468e7bd81a27b5a38bb1c80adcf44a58284bccacb90cbb9082a,48
flywire_783_mb_left_kc512_s701,843,incoming_l1,role_shuffled,mbon_after_kc,22,5,5,0.5628140703517588,46fdd1e6043c0914a724b92dc54d75047f1a0f5282120a564be0cd6a40cb7df8,901278ae716efe8f01c08f080928df6bf07aaff15d1181a31d25ee50ff4e88b4,48
flywire_783_mb_left_kc512_s701,843,incoming_l1,role_shuffled,sync_two,23,2,2,0.45226130653266333,46fdd1e6043c0914a724b92dc54d75047f1a0f5282120a564be0cd6a40cb7df8,895df3ca89df4218fdf937d7cf3bfd8d3487c23590e21bc0c68e7dfe627218e8,48
flywire_783_mb_left_kc512_s701,844,spectral,fly,sync_one,24,6,6,0.3969849246231156,dc57b2536a1697e2695991689f43c3164be70f324fd3de3a866124dfca597ddb,fc943ee961756713be84b039cc81cbc8b4f140dab12ca65a4472458295487328,48
flywire_783_mb_left_kc512_s701,844,spectral,fly,mbon_after_kc,25,6,6,0.44221105527638194,dc57b2536a1697e2695991689f43c3164be70f324fd3de3a866124dfca597ddb,edb9b2037d7a9c72eb0fc5788d5a229b854ba5fbff0fbe1e7173add220112b5b,48
flywire_783_mb_left_kc512_s701,844,spectral,fly,sync_two,26,2,2,0.36180904522613067,dc57b2536a1697e2695991689f43c3164be70f324fd3de3a866124dfca597ddb,fb0c7355434834ab63ed7abb00c942f13583838cee071aa9ebb810202f243dbe,48
flywire_783_mb_left_kc512_s701,844,spectral,role_shuffled,sync_one,27,6,6,0.38190954773869346,4767f85e487957eb657ce3d19fbb6a623e285ecfeca355c54db25719a32a8b0f,577949e370a059443742acec659e69fafd65e991958303896f12f85fe02af650,48
flywire_783_mb_left_kc512_s701,844,spectral,role_shuffled,mbon_after_kc,28,6,6,0.45226130653266333,4767f85e487957eb657ce3d19fbb6a623e285ecfeca355c54db25719a32a8b0f,dc820b41b69c38383b20d8a625cb55b324ede97bbe123af2109b2912f3c5bfb0,48
flywire_783_mb_left_kc512_s701,844,spectral,role_shuffled,sync_two,29,2,2,0.3768844221105528,4767f85e487957eb657ce3d19fbb6a623e285ecfeca355c54db25719a32a8b0f,1403438abf4e1ce0f3d9d9dc3a5e0c512cd0e24c0c89efcbfc72b568b6753f3a,48
flywire_783_mb_left_kc512_s701,844,incoming_l1,fly,sync_one,30,6,6,0.40703517587939697,aef93307ea7829859419c0c00817f894b98a62402bc4985874f5b1bfe68b4029,a32e0a0abcbc564ce00ef736f7f43e0c5972d163e71c1476ac2cae103081521d,48
flywire_783_mb_left_kc512_s701,844,incoming_l1,fly,mbon_after_kc,31,2,2,0.4723618090452261,aef93307ea7829859419c0c00817f894b98a62402bc4985874f5b1bfe68b4029,d08b36456672e53667ae30824ff31c1695e0b29beaa32c1c501ffaa7941707ff,48
flywire_783_mb_left_kc512_s701,844,incoming_l1,fly,sync_two,32,2,2,0.4472361809045226,aef93307ea7829859419c0c00817f894b98a62402bc4985874f5b1bfe68b4029,f78171103a6c51430a30d22fee06dfe5527c3147288e64f253d13ed0a170d15a,48
flywire_783_mb_left_kc512_s701,844,incoming_l1,role_shuffled,sync_one,33,9,9,0.4824120603015075,817803594a99d5b475757d5bf4050d6047c8bc1a19288f2c34fe1db9d376f0bd,f71b4ec5b8d59760661a2ed09c59e107fcb8b269a8c428ee849dea78c9008fdd,48
flywire_783_mb_left_kc512_s701,844,incoming_l1,role_shuffled,mbon_after_kc,34,8,8,0.5728643216080402,817803594a99d5b475757d5bf4050d6047c8bc1a19288f2c34fe1db9d376f0bd,5f6e010d0076633b2653cab5ad455cf8caf229ea9ecd9844b26b5c8e4e67be87,48
flywire_783_mb_left_kc512_s701,844,incoming_l1,role_shuffled,sync_two,35,2,2,0.48743718592964824,817803594a99d5b475757d5bf4050d6047c8bc1a19288f2c34fe1db9d376f0bd,eef49bcfeee6a437de9b92791d3630e5f68070b0b97b5b1c5bde1508bfd1f17f,48
flywire_783_mb_left_kc512_s702,842,spectral,fly,sync_one,36,6,6,0.3969849246231156,bab5e5454fcd56276ce61715151bfe0821c27b7128a2540e55b6ac95744c1e6d,ef8ecd5714fc5ac734191fe178d690ef06e49bab6e32da67828fe95a3259765b,48
flywire_783_mb_left_kc512_s702,842,spectral,fly,mbon_after_kc,37,3,3,0.4371859296482412,bab5e5454fcd56276ce61715151bfe0821c27b7128a2540e55b6ac95744c1e6d,80af59d2bd0ae5f2f5e2d322da3ee91129e5ddf277d0e0375bf0ca56ff145e98,48
flywire_783_mb_left_kc512_s702,842,spectral,fly,sync_two,38,2,2,0.4321608040201005,bab5e5454fcd56276ce61715151bfe0821c27b7128a2540e55b6ac95744c1e6d,361b979ec3ea65aee92755931d9afcd88adfc8600b3d62064f5286850d30730d,48
flywire_783_mb_left_kc512_s702,842,spectral,role_shuffled,sync_one,39,6,6,0.4020100502512563,d858fc8c3f3e78fcef36370b9db810f54ae85bcf53a6e0c4a774b6532e319725,63a7482a6f0b90141e3776ee1cb163d4656ae57ff9b627c4ecca730384c9ecd9,48
flywire_783_mb_left_kc512_s702,842,spectral,role_shuffled,mbon_after_kc,40,5,5,0.4723618090452261,d858fc8c3f3e78fcef36370b9db810f54ae85bcf53a6e0c4a774b6532e319725,3fe44fd963190899f45ed3077e9ffced4dbb840d06cf5c86f8acd1236308bc95,48
flywire_783_mb_left_kc512_s702,842,spectral,role_shuffled,sync_two,41,2,2,0.4371859296482412,d858fc8c3f3e78fcef36370b9db810f54ae85bcf53a6e0c4a774b6532e319725,863b183ec35960eec5a12fe138682b14afcb2b6959ccb2425d90fab5e394a031,48
flywire_783_mb_left_kc512_s702,842,incoming_l1,fly,sync_one,42,5,5,0.4321608040201005,b7e6183e2fa89b2dbe53ddbe059b4a1e8aba8103a525bb8586d9c109efd8c382,d991fa6d86b927cc97879df7fef8f06c775d7b8abccc9eff2e3821fdd427799c,48
flywire_783_mb_left_kc512_s702,842,incoming_l1,fly,mbon_after_kc,43,5,5,0.48743718592964824,b7e6183e2fa89b2dbe53ddbe059b4a1e8aba8103a525bb8586d9c109efd8c382,8554b7c2a67825dac4a0f7f18ef4b511821430da5038f8d9d75963bf8c5b1b84,48
flywire_783_mb_left_kc512_s702,842,incoming_l1,fly,sync_two,44,1,1,0.4221105527638191,b7e6183e2fa89b2dbe53ddbe059b4a1e8aba8103a525bb8586d9c109efd8c382,041d887f923f5aa0e4800b260368899a24ad0562b75b5af459a44c96308e8b87,48
flywire_783_mb_left_kc512_s702,842,incoming_l1,role_shuffled,sync_one,45,9,9,0.48743718592964824,7d41248f86279b0186d0180cc797619e1b72724150e2d59b25c6c61f12a2d02d,ae50fc27eef4928c157bb4be7431025042f5d0298ff81bb49fe39bf78260cfd6,48
flywire_783_mb_left_kc512_s702,842,incoming_l1,role_shuffled,mbon_after_kc,46,6,6,0.592964824120603,7d41248f86279b0186d0180cc797619e1b72724150e2d59b25c6c61f12a2d02d,33a094aa7d3a85fb82851631fc0a38ce0f843e200913a1fcae6b5d4c03381b6a,48
flywire_783_mb_left_kc512_s702,842,incoming_l1,role_shuffled,sync_two,47,2,2,0.48743718592964824,7d41248f86279b0186d0180cc797619e1b72724150e2d59b25c6c61f12a2d02d,ad54482fde4abb1319bca51c2579d6c40924b7a33ae69e9282a5125a15766829,48
flywire_783_mb_left_kc512_s702,843,spectral,fly,sync_one,48,3,3,0.38190954773869346,bab5e5454fcd56276ce61715151bfe0821c27b7128a2540e55b6ac95744c1e6d,ad33c40704aae82b29e1f2fa56faec2f744de3b6a72cea4257b7dda69ab4e445,48
flywire_783_mb_left_kc512_s702,843,spectral,fly,mbon_after_kc,49,3,3,0.41708542713567837,bab5e5454fcd56276ce61715151bfe0821c27b7128a2540e55b6ac95744c1e6d,05a59d922e0c2a5837a6628ca77b532735e87a4d226d46fe65e378b87db1699c,48
flywire_783_mb_left_kc512_s702,843,spectral,fly,sync_two,50,1,1,0.4221105527638191,bab5e5454fcd56276ce61715151bfe0821c27b7128a2540e55b6ac95744c1e6d,482b59d1caf29a58f094ffdd207044f57c777bd35d14efd1169184869344b453,48
flywire_783_mb_left_kc512_s702,843,spectral,role_shuffled,sync_one,51,10,10,0.4371859296482412,89cb0d5aea83f83eb7b122a23589115a8a218103f0a2c37909d01ebe2eaf4e3a,c6927355c459f18d378c2d0595b6790f81c2e641a650e18115cdeb80535e764b,48
flywire_783_mb_left_kc512_s702,843,spectral,role_shuffled,mbon_after_kc,52,3,3,0.46733668341708545,89cb0d5aea83f83eb7b122a23589115a8a218103f0a2c37909d01ebe2eaf4e3a,b06caee346f2fe651099b3ac135b9bfb89cc1e31741f20eeac782448109601f2,48
flywire_783_mb_left_kc512_s702,843,spectral,role_shuffled,sync_two,53,1,1,0.4221105527638191,89cb0d5aea83f83eb7b122a23589115a8a218103f0a2c37909d01ebe2eaf4e3a,da76cc0dee13f9adab3cade431a6e0fa3e3a112ccc5e789a43abea05339ddbdc,48
flywire_783_mb_left_kc512_s702,843,incoming_l1,fly,sync_one,54,6,6,0.41708542713567837,b7e6183e2fa89b2dbe53ddbe059b4a1e8aba8103a525bb8586d9c109efd8c382,720aa48cc9a27c91a951ec8bec5c66e62d57c5039b1c53dc11b590691dcd1a75,48
flywire_783_mb_left_kc512_s702,843,incoming_l1,fly,mbon_after_kc,55,3,3,0.5025125628140703,b7e6183e2fa89b2dbe53ddbe059b4a1e8aba8103a525bb8586d9c109efd8c382,e9f4320b4b5ab89db4929c0612558a3bfdd95bee8ff3668390c9a029e1f5bea1,48
flywire_783_mb_left_kc512_s702,843,incoming_l1,fly,sync_two,56,0,0,0.41708542713567837,b7e6183e2fa89b2dbe53ddbe059b4a1e8aba8103a525bb8586d9c109efd8c382,fb61d7f006dc0f665a8cc74ca1ed7ee0c07d7453323e9d592e76176d65e2d5f2,48
flywire_783_mb_left_kc512_s702,843,incoming_l1,role_shuffled,sync_one,57,10,10,0.4723618090452261,8ee980c39d26a60ee87f895d887f22496295674e4140146fd00c39a196f6f3f3,73cfac488c1bd7a6b7a809583c42202583b2e57977eb74fffd319ab730e96cd4,48
flywire_783_mb_left_kc512_s702,843,incoming_l1,role_shuffled,mbon_after_kc,58,3,3,0.5577889447236181,8ee980c39d26a60ee87f895d887f22496295674e4140146fd00c39a196f6f3f3,8fc44751785441648fdefed113d229146a055d4975ef28628e40faef53dafb4d,48
flywire_783_mb_left_kc512_s702,843,incoming_l1,role_shuffled,sync_two,59,0,0,0.4371859296482412,8ee980c39d26a60ee87f895d887f22496295674e4140146fd00c39a196f6f3f3,2c32851bdcb6b8efcee6708fce2153c53c3c5da267f590cbe0c0e4badcb36c72,48
flywire_783_mb_left_kc512_s702,844,spectral,fly,sync_one,60,6,6,0.44221105527638194,bab5e5454fcd56276ce61715151bfe0821c27b7128a2540e55b6ac95744c1e6d,e0ebdfe18705d727e146296596a451e488c8563be28186272aacafc72edfdbdc,48
flywire_783_mb_left_kc512_s702,844,spectral,fly,mbon_after_kc,61,6,6,0.4371859296482412,bab5e5454fcd56276ce61715151bfe0821c27b7128a2540e55b6ac95744c1e6d,94dfbbf653b2a504e548fce8d144e46e2280dc47a34b5e398eb92bf79df3bfb4,48
flywire_783_mb_left_kc512_s702,844,spectral,fly,sync_two,62,2,2,0.37185929648241206,bab5e5454fcd56276ce61715151bfe0821c27b7128a2540e55b6ac95744c1e6d,5b18d90c3718330680cc3ec391c27994b951abbd99c258d8e5959ee6eb6c233d,48
flywire_783_mb_left_kc512_s702,844,spectral,role_shuffled,sync_one,63,5,5,0.38190954773869346,7d7b582b81f9f32e2946602241b14dda3c009393549ff0cd4b17e84944c1b50e,10b2cd22f82f0582eb5ebee1d53be7de372f429feebd0005bf8c8df23f07bd84,48
flywire_783_mb_left_kc512_s702,844,spectral,role_shuffled,mbon_after_kc,64,5,5,0.457286432160804,7d7b582b81f9f32e2946602241b14dda3c009393549ff0cd4b17e84944c1b50e,0d547ed315cbbce64aa40f15f97f1797b6d16fe8d7a70e0bf322a59547b772b7,48
flywire_783_mb_left_kc512_s702,844,spectral,role_shuffled,sync_two,65,1,1,0.39195979899497485,7d7b582b81f9f32e2946602241b14dda3c009393549ff0cd4b17e84944c1b50e,359e4c56ef1628a5748316fd61fae98cac273b64e3af1570ef3e80a818838651,48
flywire_783_mb_left_kc512_s702,844,incoming_l1,fly,sync_one,66,9,9,0.4271356783919598,b7e6183e2fa89b2dbe53ddbe059b4a1e8aba8103a525bb8586d9c109efd8c382,987284d1962bba396e4b192f982d9169e672e8677e7cf1787afe2a31e76d5cbc,48
flywire_783_mb_left_kc512_s702,844,incoming_l1,fly,mbon_after_kc,67,5,5,0.5226130653266332,b7e6183e2fa89b2dbe53ddbe059b4a1e8aba8103a525bb8586d9c109efd8c382,12c521cd5d8f91814b502e0b0dd2e871263b7257a71032b2ae6c7c901f167317,48
flywire_783_mb_left_kc512_s702,844,incoming_l1,fly,sync_two,68,0,0,0.3869346733668342,b7e6183e2fa89b2dbe53ddbe059b4a1e8aba8103a525bb8586d9c109efd8c382,fbe8e981314f6aff7ac8a95e7a8b01d09d433d72922991501fecc7a8ef9a3908,48
flywire_783_mb_left_kc512_s702,844,incoming_l1,role_shuffled,sync_one,69,5,5,0.4472361809045226,c80d8d0cdaeb5f60ed243ad34de0ade33c10ce833769a95185fa14783b756746,fb2898621bb09f9502bce98d310857f1e035bf5480ed09126125b536bb68d403,48
flywire_783_mb_left_kc512_s702,844,incoming_l1,role_shuffled,mbon_after_kc,70,5,5,0.5778894472361809,c80d8d0cdaeb5f60ed243ad34de0ade33c10ce833769a95185fa14783b756746,944b49f9310ee49dafbab713d74f09180faf00e3af912d8c0b120c10e6362b2d,48
flywire_783_mb_left_kc512_s702,844,incoming_l1,role_shuffled,sync_two,71,2,2,0.4472361809045226,c80d8d0cdaeb5f60ed243ad34de0ade33c10ce833769a95185fa14783b756746,d07b518526a052efdd64deb37ab0ecf9e36f6cbf6ef6c1827ab4d1cf81294689,48
