cohort,seed,circuit_seed,level,stage,noise_seed,strength,arm,endpoint_origin,pi_memory_score,first_error_position,censored,exact_prefix_bits,clean_prefix,retention
confirmation,381143,701,legacy5,archived,372001,0.0003,flat,archived_teacher_prefix_certificate,39,40,False,129.55519570060713,39,1.0
confirmation,381143,701,legacy5,archived,372001,0.0003,training_sd,archived_teacher_prefix_certificate,39,40,False,129.55519570060713,39,1.0
confirmation,381143,701,legacy5,archived,372001,0.03,flat,archived_teacher_prefix_certificate,7,8,False,23.253496664211536,39,0.1794871794871795
confirmation,381143,701,legacy5,archived,372001,0.03,training_sd,archived_teacher_prefix_certificate,28,29,False,93.01398665684614,39,0.717948717948718
confirmation,381143,701,legacy5,archived,372001,0.3,flat,archived_teacher_prefix_certificate,1,2,False,3.321928094887362,39,0.02564102564102564
confirmation,381143,701,legacy5,archived,372001,0.3,training_sd,archived_teacher_prefix_certificate,1,2,False,3.321928094887362,39,0.02564102564102564
confirmation,381143,701,legacy5,archived,408001,0.0003,flat,archived_teacher_prefix_certificate,39,40,False,129.55519570060713,39,1.0
confirmation,381143,701,legacy5,archived,408001,0.0003,training_sd,archived_teacher_prefix_certificate,39,40,False,129.55519570060713,39,1.0
confirmation,381143,701,legacy5,archived,408001,0.03,flat,archived_teacher_prefix_certificate,17,18,False,56.47277761308516,39,0.4358974358974359
confirmation,381143,701,legacy5,archived,408001,0.03,training_sd,archived_teacher_prefix_certificate,36,37,False,119.58941141594504,39,0.9230769230769231
confirmation,381143,701,legacy5,archived,408001,0.3,flat,archived_teacher_prefix_certificate,0,1,False,0.0,39,0.0
confirmation,381143,701,legacy5,archived,408001,0.3,training_sd,archived_teacher_prefix_certificate,0,1,False,0.0,39,0.0
confirmation,381143,701,legacy5,archived,408002,0.0003,flat,archived_teacher_prefix_certificate,39,40,False,129.55519570060713,39,1.0
confirmation,381143,701,legacy5,archived,408002,0.0003,training_sd,archived_teacher_prefix_certificate,39,40,False,129.55519570060713,39,1.0
confirmation,381143,701,legacy5,archived,408002,0.03,flat,archived_teacher_prefix_certificate,1,2,False,3.321928094887362,39,0.02564102564102564
confirmation,381143,701,legacy5,archived,408002,0.03,training_sd,archived_teacher_prefix_certificate,39,40,False,129.55519570060713,39,1.0
confirmation,381143,701,legacy5,archived,408002,0.3,flat,archived_teacher_prefix_certificate,1,2,False,3.321928094887362,39,0.02564102564102564
confirmation,381143,701,legacy5,archived,408002,0.3,training_sd,archived_teacher_prefix_certificate,1,2,False,3.321928094887362,39,0.02564102564102564
confirmation,381143,701,legacy5,archived,408003,0.0003,flat,archived_teacher_prefix_certificate,39,40,False,129.55519570060713,39,1.0
confirmation,381143,701,legacy5,archived,408003,0.0003,training_sd,archived_teacher_prefix_certificate,39,40,False,129.55519570060713,39,1.0
confirmation,381143,701,legacy5,archived,408003,0.03,flat,archived_teacher_prefix_certificate,3,4,False,9.965784284662087,39,0.07692307692307693
confirmation,381143,701,legacy5,archived,408003,0.03,training_sd,archived_teacher_prefix_certificate,19,20,False,63.11663380285988,39,0.48717948717948717
confirmation,381143,701,legacy5,archived,408003,0.3,flat,archived_teacher_prefix_certificate,0,1,False,0.0,39,0.0
confirmation,381143,701,legacy5,archived,408003,0.3,training_sd,archived_teacher_prefix_certificate,0,1,False,0.0,39,0.0
confirmation,381143,701,legacy5,fresh,418001,0.0003,flat,fresh_teacher_prefix_certificate,39,40,False,129.55519570060713,39,1.0
confirmation,381143,701,legacy5,fresh,418001,0.0003,training_sd,fresh_teacher_prefix_certificate,39,40,False,129.55519570060713,39,1.0
confirmation,381143,701,legacy5,fresh,418001,0.03,flat,fresh_teacher_prefix_certificate,15,16,False,49.82892142331043,39,0.38461538461538464
confirmation,381143,701,legacy5,fresh,418001,0.03,training_sd,fresh_teacher_prefix_certificate,39,40,False,129.55519570060713,39,1.0
confirmation,381143,701,legacy5,fresh,418001,0.3,flat,fresh_teacher_prefix_certificate,0,1,False,0.0,39,0.0
confirmation,381143,701,legacy5,fresh,418001,0.3,training_sd,fresh_teacher_prefix_certificate,1,2,False,3.321928094887362,39,0.02564102564102564
confirmation,381143,701,legacy5,fresh,418002,0.0003,flat,fresh_teacher_prefix_certificate,39,40,False,129.55519570060713,39,1.0
confirmation,381143,701,legacy5,fresh,418002,0.0003,training_sd,fresh_teacher_prefix_certificate,39,40,False,129.55519570060713,39,1.0
confirmation,381143,701,legacy5,fresh,418002,0.03,flat,fresh_teacher_prefix_certificate,13,14,False,43.18506523353571,39,0.3333333333333333
confirmation,381143,701,legacy5,fresh,418002,0.03,training_sd,fresh_teacher_prefix_certificate,30,31,False,99.65784284662087,39,0.7692307692307693
confirmation,381143,701,legacy5,fresh,418002,0.3,flat,fresh_teacher_prefix_certificate,1,2,False,3.321928094887362,39,0.02564102564102564
confirmation,381143,701,legacy5,fresh,418002,0.3,training_sd,fresh_teacher_prefix_certificate,1,2,False,3.321928094887362,39,0.02564102564102564
confirmation,381143,701,legacy5,fresh,418003,0.0003,flat,fresh_teacher_prefix_certificate,39,40,False,129.55519570060713,39,1.0
confirmation,381143,701,legacy5,fresh,418003,0.0003,training_sd,fresh_teacher_prefix_certificate,39,40,False,129.55519570060713,39,1.0
confirmation,381143,701,legacy5,fresh,418003,0.03,flat,fresh_teacher_prefix_certificate,1,2,False,3.321928094887362,39,0.02564102564102564
confirmation,381143,701,legacy5,fresh,418003,0.03,training_sd,fresh_teacher_prefix_certificate,25,26,False,83.04820237218405,39,0.6410256410256411
confirmation,381143,701,legacy5,fresh,418003,0.3,flat,fresh_teacher_prefix_certificate,0,1,False,0.0,39,0.0
confirmation,381143,701,legacy5,fresh,418003,0.3,training_sd,fresh_teacher_prefix_certificate,1,2,False,3.321928094887362,39,0.02564102564102564
