level,arm,seed,exact_prefix_symbols,autonomous_prefix_bits,teacher_forced_accuracy,autonomous_accuracy,effective_rank,observed_mean_abs,observed_decay_ratio_32,context3_prefix,context3_floor,early_floor,late_floor
brain1,high,27142,33.5,67.0,0.832,0.45199999999999996,5.039567734799487,0.0059095735060053865,3.2243286821410812e-06,2.0,0.552,0.1875,0.45161290322580644
brain1,high,27143,37.0,74.0,0.884,0.46399999999999997,5.304349489907045,0.0057317347597561855,2.948543764992322e-06,0.0,0.552,0.125,0.44086021505376344
brain1,high,27144,20.0,40.0,0.8680000000000001,0.38,5.142946612893403,0.0056188064792936695,1.9616220677510617e-06,1.0,0.536,0.21875,0.46236559139784944
brain1,high,27145,20.0,40.0,0.8160000000000001,0.364,5.265823148848682,0.0056376775757131965,2.9699186380567514e-06,0.0,0.552,0.21875,0.45161290322580644
brain1,high,27146,41.5,83.0,0.8360000000000001,0.516,5.447992421797164,0.005292763215080744,1.7054451240151128e-06,0.0,0.552,0.1875,0.46236559139784944
brain1,low,27142,35.5,71.0,0.876,0.46799999999999997,5.087554355470654,0.005902601154671934,3.253246349827397e-06,21.0,0.192,0.0625,0.1827956989247312
brain1,low,27143,36.0,72.0,0.896,0.46399999999999997,5.289103993705677,0.005737646307761927,2.9882447101231745e-06,8.0,0.184,0.0625,0.1935483870967742
brain1,low,27144,36.0,72.0,0.9079999999999999,0.46799999999999997,5.155532392590215,0.005635256441688065,2.0205980557444666e-06,4.0,0.16,0.125,0.13978494623655913
brain1,low,27145,17.0,34.0,0.892,0.344,5.2489799511487245,0.005640269516676357,2.2704828369872327e-06,16.0,0.192,0.0625,0.20430107526881722
brain1,low,27146,28.5,57.0,0.812,0.444,5.4159794760301985,0.005294078169528886,1.8080837327895545e-06,17.0,0.176,0.0625,0.17204301075268819
legacy5,high,27142,37.5,75.0,0.884,0.46399999999999997,7.165117641976019,0.012957749524940162,6.208794863512906e-07,2.0,0.552,0.1875,0.45161290322580644
legacy5,high,27143,20.0,40.0,0.884,0.404,7.694264914298434,0.013227894477081914,6.528521508181586e-07,0.0,0.552,0.125,0.44086021505376344
legacy5,high,27144,23.5,47.0,0.84,0.392,8.141631856307416,0.0134988011481014,5.689035363623754e-07,1.0,0.536,0.21875,0.46236559139784944
legacy5,high,27145,32.0,64.0,0.8799999999999999,0.44,7.6758271850164315,0.01359973052890988,5.990513597534245e-07,0.0,0.552,0.21875,0.45161290322580644
legacy5,high,27146,41.5,83.0,0.8959999999999999,0.48,7.48054670851123,0.012429501892736323,7.243679755496632e-07,0.0,0.552,0.1875,0.46236559139784944
legacy5,low,27142,61.0,122.0,0.94,0.6679999999999999,7.221905361441795,0.012927784250213466,6.064394631842035e-07,21.0,0.192,0.0625,0.1827956989247312
legacy5,low,27143,21.5,43.0,0.904,0.428,7.831058836713655,0.013235953231938262,6.387762209034179e-07,8.0,0.184,0.0625,0.1935483870967742
legacy5,low,27144,48.5,97.0,0.9079999999999999,0.552,8.128084959100356,0.013556965100245049,6.531219711368697e-07,4.0,0.16,0.125,0.13978494623655913
legacy5,low,27145,37.5,75.0,0.9159999999999999,0.48,7.953809878572155,0.013568315831358068,6.24411810521025e-07,16.0,0.192,0.0625,0.20430107526881722
legacy5,low,27146,47.5,95.0,0.924,0.556,7.38580184755098,0.012470478470336839,6.814918133568556e-07,17.0,0.176,0.0625,0.17204301075268819
