level,circuit_seed,seed,family,dataset_seed,exact_prefix_symbols,autonomous_prefix_bits,first_error_position,first_error_sequence_index,censored,next_digit_accuracy,teacher_forced_accuracy,autonomous_accuracy,mean_confidence,region_accuracy,pi_memory_score,train_loss,weighted_cross_entropy,effective_rank,active_neurons_mean,activity_sparsity,mean_observed_cosine,observed_mean_abs,observed_decay_ratio_32,majority_prefix,markov1_prefix,runtime_seconds,peak_process_tree_rss_bytes,wall_seconds,sample_seconds,neurons,edges,checkpoint
legacy5,701,11142,random,11242,37,122.9113395108324,38,40,False,0.43052837573385516,0.4302554027504912,0.1650294695481336,0.5783127191574696,"{'1-32': 1.0, '33-64': 0.28125, '65-128': 0.046875, '129-509': 0.10498687664041995}",,1.1706578636355642,1.1469098564589801,15.636732601519368,645.9843444227006,0.058331859442127376,0.970236346145858,0.014902123630349933,5.399589737110288e-07,1,0,1.6275162000001728,115392512,3.0,0.2,686,3309,random_legacy5_c701_s11142_d11242/checkpoint.npz
brain1,701,11142,random,11242,32,106.30169903639559,33,35,False,0.3639921722113503,0.3654223968565815,0.15324165029469547,0.5556773099010205,"{'1-32': 1.0, '33-64': 0.0625, '65-128': 0.09375, '129-509': 0.09973753280839895}",,1.2758490861196292,1.253551768778347,11.585527846787622,116683.58512720157,0.15836391544080974,0.9969857600289047,0.006306220658461697,4.3039078700906846e-06,1,0,25.017131900000095,1029296128,26.671000000000276,0.2,138639,15091983,random_brain1_c701_s11142_d11242/checkpoint.npz
legacy5,702,11142,random,11242,32,106.30169903639559,33,35,False,0.40313111545988256,0.4027504911591356,0.14734774066797643,0.4308281005110629,"{'1-32': 1.0, '33-64': 0.09375, '65-128': 0.125, '129-509': 0.08398950131233596}",,1.1621800663592114,1.1404441659786704,15.940740627908873,643.9432485322897,0.061307217882959675,0.9727614883647239,0.014617646159709254,6.050618712707322e-07,1,0,2.8238046999995277,116142080,5.063000000000102,0.2,686,3241,random_legacy5_c702_s11142_d11242/checkpoint.npz
brain1,702,11142,random,11242,33,109.62362713128296,34,36,False,0.34442270058708413,0.34577603143418467,0.17485265225933203,0.50588226374873,"{'1-32': 1.0, '33-64': 0.09375, '65-128': 0.15625, '129-509': 0.11548556430446194}",,1.2357958304017422,1.2117322635852326,10.383738764236316,111838.0313111546,0.19331478652360012,0.9955647190721825,0.005905600382284401,2.151684517149056e-06,1,0,21.688422999999602,944705536,23.46899999999914,0.2,138639,15091983,random_brain1_c702_s11142_d11242/checkpoint.npz
legacy5,701,11143,random,11243,32,106.30169903639559,33,35,False,0.41291585127201563,0.412573673870334,0.16306483300589392,0.663752333160789,"{'1-32': 1.0, '33-64': 0.0625, '65-128': 0.109375, '129-509': 0.11023622047244094}",,1.1389966828970703,1.1160703686882933,15.206770445290124,645.9373776908024,0.0584003240658858,0.9689831443000694,0.014752045319650171,5.638431796337224e-07,0,0,1.7852923999998893,114954240,3.42200000000048,0.2,686,3309,random_legacy5_c701_s11143_d11243/checkpoint.npz
brain1,701,11143,random,11243,34,112.94555522617031,35,37,False,0.410958904109589,0.412573673870334,0.16699410609037327,0.46374251120694027,"{'1-32': 1.0, '33-64': 0.15625, '65-128': 0.109375, '129-509': 0.10761154855643044}",,1.1729769266753634,1.1505912639711142,11.682241787491133,116830.83561643836,0.15730180096193458,0.9969467733454744,0.0059059792273715,2.844242400409454e-06,0,0,16.606224599998313,1012539392,18.375,0.2,138639,15091983,random_brain1_c701_s11143_d11243/checkpoint.npz
legacy5,702,11143,random,11243,32,106.30169903639559,33,35,False,0.40117416829745595,0.40078585461689586,0.13948919449901767,0.5285679162555162,"{'1-32': 1.0, '33-64': 0.09375, '65-128': 0.109375, '129-509': 0.07611548556430446}",,1.1434735940603016,1.1184805339068191,15.00362701355955,643.9432485322897,0.061307217882959675,0.9587964283775883,0.012218235207197982,6.953466900380071e-07,0,0,1.6353075000006356,115109888,3.4060000000008586,0.2,686,3241,random_legacy5_c702_s11143_d11243/checkpoint.npz
brain1,702,11143,random,11243,32,106.30169903639559,33,35,False,0.3639921722113503,0.3654223968565815,0.1512770137524558,0.48854875513746493,"{'1-32': 1.0, '33-64': 0.125, '65-128': 0.109375, '129-509': 0.08923884514435695}",,1.2115373276245276,1.1904953599736887,10.365297726894738,113704.69471624267,0.1798505852159734,0.9952396803670448,0.0055871497596814,1.7280911298854134e-06,0,0,17.570335599999453,970473472,19.281999999999243,0.2,138639,15091983,random_brain1_c702_s11143_d11243/checkpoint.npz
legacy5,701,11144,random,11244,32,106.30169903639559,33,35,False,0.4050880626223092,0.4027504911591356,0.16110019646365423,0.3568877775543406,"{'1-32': 1.0, '33-64': 0.09375, '65-128': 0.140625, '129-509': 0.09973753280839895}",,1.1578227126135345,1.13430167344445,15.407192439416269,645.9412915851271,0.05839461868057272,0.9692389801301873,0.014648171166309249,6.180116799218233e-07,0,1,1.6094166999992012,115720192,3.4069999999992433,0.2,686,3309,random_legacy5_c701_s11144_d11244/checkpoint.npz
brain1,701,11144,random,11244,32,106.30169903639559,33,35,False,0.37573385518590996,0.37524557956778,0.15520628683693516,0.5346433761374588,"{'1-32': 1.0, '33-64': 0.03125, '65-128': 0.09375, '129-509': 0.10498687664041995}",,1.2264295835277639,1.2002799453178223,11.801478827450937,112529.37181996086,0.18832816292702015,0.9972294677601092,0.00595750469963958,2.816670509551799e-06,0,1,17.076319699999658,835448832,18.625,0.2,138639,15091983,random_brain1_c701_s11144_d11244/checkpoint.npz
legacy5,702,11144,random,11244,32,106.30169903639559,33,35,False,0.38943248532289626,0.3889980353634578,0.1650294695481336,0.3362451318921454,"{'1-32': 1.0, '33-64': 0.0, '65-128': 0.09375, '129-509': 0.12073490813648294}",,1.2432377493813673,1.2222113521119968,15.527709802862923,643.9530332681018,0.06129295441967675,0.9758512290160848,0.01305129105957816,5.51875273537938e-07,0,1,1.6615937999995367,125751296,3.2030000000013388,0.2,686,3241,random_legacy5_c702_s11144_d11244/checkpoint.npz
brain1,702,11144,random,11244,1,3.321928094887362,2,4,False,0.3639921722113503,0.36345776031434185,0.11984282907662082,0.2403247703836616,"{'1-32': 0.15625, '33-64': 0.0625, '65-128': 0.125, '129-509': 0.12073490813648294}",,1.2721011618009839,1.2510538630377184,11.789608997711046,110367.03326810176,0.20392506244201303,0.9974135115131736,0.005763409144065251,2.6394129799005733e-06,0,1,17.36684299999979,1033400320,19.07799999999952,0.2,138639,15091983,random_brain1_c702_s11144_d11244/checkpoint.npz
legacy5,701,11145,random,11245,36,119.58941141594504,37,39,False,0.3776908023483366,0.37721021611001965,0.14734774066797643,0.519665251402312,"{'1-32': 1.0, '33-64': 0.21875, '65-128': 0.0, '129-509': 0.09448818897637795}",,1.2386155521553315,1.219438074854873,15.244821831275589,645.9119373776908,0.0584374090704215,0.9665899710440768,0.013315432270986617,6.36376915604232e-07,1,1,1.5911341999999422,114585600,3.2189999999991414,0.2,686,3309,random_legacy5_c701_s11145_d11245/checkpoint.npz
brain1,701,11145,random,11245,32,106.30169903639559,33,35,False,0.35812133072407043,0.3575638506876228,0.15520628683693516,0.5377748360936598,"{'1-32': 1.0, '33-64': 0.0625, '65-128': 0.078125, '129-509': 0.10498687664041995}",,1.2485959379224882,1.2247750014956837,12.541556261748699,116060.5890410959,0.16285757224809827,0.9976361705918313,0.005951744962339756,2.8785040381421187e-06,1,1,16.712330199999997,856723456,18.610000000000582,0.2,138639,15091983,random_brain1_c701_s11145_d11245/checkpoint.npz
legacy5,702,11145,random,11245,41,136.19905189038184,42,44,False,0.461839530332681,0.4636542239685658,0.17092337917485265,0.32117245786545023,"{'1-32': 1.0, '33-64': 0.3125, '65-128': 0.125, '129-509': 0.09711286089238845}",,1.062392461812711,1.0402923317217445,14.289987464119813,643.9530332681018,0.06129295441967675,0.9713747013678143,0.014989388226713208,6.214832449029586e-07,1,1,1.7097092999993038,115310592,3.20299999999952,0.2,686,3241,random_legacy5_c702_s11145_d11245/checkpoint.npz
brain1,702,11145,random,11245,32,106.30169903639559,33,35,False,0.3816046966731898,0.3831041257367387,0.16895874263261296,0.5418681055684603,"{'1-32': 1.0, '33-64': 0.15625, '65-128': 0.09375, '129-509': 0.11286089238845144}",,1.194257283552799,1.1721561912455887,10.914009086266242,112585.31115459882,0.18792467375991728,0.9960867991551017,0.0059792647163425345,1.2857227409738077e-06,1,1,17.659883199999967,871227392,19.281999999999243,0.2,138639,15091983,random_brain1_c702_s11145_d11245/checkpoint.npz
legacy5,701,11146,random,11246,32,106.30169903639559,33,35,False,0.3972602739726027,0.3968565815324165,0.17092337917485265,0.5350530851537887,"{'1-32': 1.0, '33-64': 0.09375, '65-128': 0.109375, '129-509': 0.11811023622047244}",,1.217613517511008,1.1974884327042372,15.698890005856658,645.9432485322897,0.058391765987915956,0.9655937611107498,0.013627659343943327,6.434525437048404e-07,2,0,1.729465500000515,115425280,3.436999999999898,0.2,686,3309,random_legacy5_c701_s11146_d11246/checkpoint.npz
brain1,701,11146,random,11246,32,106.30169903639559,33,35,False,0.35812133072407043,0.35952848722986247,0.1650294695481336,0.5601246660352399,"{'1-32': 1.0, '33-64': 0.15625, '65-128': 0.109375, '129-509': 0.10498687664041995}",,1.204567947917083,1.1817178070242333,12.034018285860647,115780.84735812133,0.16487534273818094,0.9969442859931726,0.005847570920884679,2.3031932456407527e-06,2,0,23.16556760000094,867721216,24.92200000000048,0.2,138639,15091983,random_brain1_c701_s11146_d11246/checkpoint.npz
legacy5,702,11146,random,11246,32,106.30169903639559,33,35,False,0.44422700587084146,0.44204322200392926,0.17681728880157171,0.5092245271611711,"{'1-32': 1.0, '33-64': 0.09375, '65-128': 0.09375, '129-509': 0.12860892388451445}",,1.1182901686942655,1.0968909944057554,16.483492847407398,643.9608610567515,0.06128154364905036,0.9657666332891915,0.010662203335145492,9.398680097991849e-07,2,0,1.970693700000993,121679872,3.70299999999952,0.2,686,3241,random_legacy5_c702_s11146_d11246/checkpoint.npz
brain1,702,11146,random,11246,32,106.30169903639559,33,35,False,0.350293542074364,0.3516699410609037,0.14931237721021612,0.22092580499056147,"{'1-32': 1.0, '33-64': 0.125, '65-128': 0.109375, '129-509': 0.08661417322834646}",,1.148217517141667,1.1257233530477444,12.008946124710032,109525.95499021526,0.20999174121123731,0.9973484408721971,0.005273417422895359,2.012693944305184e-06,2,0,35.55932689999827,856469504,37.60999999999876,0.2,138639,15091983,random_brain1_c702_s11146_d11246/checkpoint.npz
