cohort,seed,dataset_seed,family,circuit_seed,level,topology,calibration,strength,noise_seed,repeated_setting,first_error_position,censored,exact_prefix_bits,clean_prefix,retention,exact_prefix_symbols,teacher_accuracy,expected_energy
discovery,9146,9246,pi,701,legacy5,degree,common,0.0003,498001,False,5,False,13.287712379549449,4,1.0,4,0.649746192893401,4.9145841089367885e-11
discovery,9146,9246,pi,701,legacy5,degree,common,0.0003,498002,False,5,False,13.287712379549449,4,1.0,4,0.649746192893401,4.9145841089367885e-11
discovery,9146,9246,pi,701,legacy5,degree,common,0.0003,498003,False,5,False,13.287712379549449,4,1.0,4,0.649746192893401,4.9145841089367885e-11
discovery,9146,9246,pi,701,legacy5,degree,own,0.0003,498001,False,5,False,13.287712379549449,4,1.0,4,0.649746192893401,6.73888170121354e-10
discovery,9146,9246,pi,701,legacy5,degree,own,0.0003,498002,False,5,False,13.287712379549449,4,1.0,4,0.649746192893401,6.73888170121354e-10
discovery,9146,9246,pi,701,legacy5,degree,own,0.0003,498003,False,5,False,13.287712379549449,4,1.0,4,0.649746192893401,6.73888170121354e-10
discovery,9146,9246,pi,701,legacy5,degree,coordinate,0.0003,498001,False,5,False,13.287712379549449,4,1.0,4,0.649746192893401,1.7915469304337717e-09
discovery,9146,9246,pi,701,legacy5,degree,coordinate,0.0003,498002,False,5,False,13.287712379549449,4,1.0,4,0.649746192893401,1.7915469304337717e-09
discovery,9146,9246,pi,701,legacy5,degree,coordinate,0.0003,498003,False,5,False,13.287712379549449,4,1.0,4,0.649746192893401,1.7915469304337717e-09
discovery,9146,9246,pi,701,legacy5,degree,common,0.03,498001,False,5,False,13.287712379549449,4,1.0,4,0.6548223350253807,4.914584108936788e-07
discovery,9146,9246,pi,701,legacy5,degree,common,0.03,498002,False,5,False,13.287712379549449,4,1.0,4,0.649746192893401,4.914584108936788e-07
discovery,9146,9246,pi,701,legacy5,degree,common,0.03,498003,False,5,False,13.287712379549449,4,1.0,4,0.6395939086294417,4.914584108936788e-07
discovery,9146,9246,pi,701,legacy5,degree,own,0.03,498001,False,5,False,13.287712379549449,4,1.0,4,0.649746192893401,6.73888170121354e-06
discovery,9146,9246,pi,701,legacy5,degree,own,0.03,498002,False,5,False,13.287712379549449,4,1.0,4,0.6345177664974619,6.73888170121354e-06
discovery,9146,9246,pi,701,legacy5,degree,own,0.03,498003,False,5,False,13.287712379549449,4,1.0,4,0.6192893401015228,6.73888170121354e-06
discovery,9146,9246,pi,701,legacy5,degree,coordinate,0.03,498001,False,5,False,13.287712379549449,4,1.0,4,0.6091370558375635,1.7915469304337718e-05
discovery,9146,9246,pi,701,legacy5,degree,coordinate,0.03,498002,False,5,False,13.287712379549449,4,1.0,4,0.6091370558375635,1.7915469304337718e-05
discovery,9146,9246,pi,701,legacy5,degree,coordinate,0.03,498003,False,5,False,13.287712379549449,4,1.0,4,0.6040609137055838,1.7915469304337718e-05
discovery,9146,9246,pi,701,legacy5,degree,common,0.3,498001,False,5,False,13.287712379549449,4,1.0,4,0.5431472081218274,4.914584108936789e-05
discovery,9146,9246,pi,701,legacy5,degree,common,0.3,498002,False,5,False,13.287712379549449,4,1.0,4,0.5482233502538071,4.914584108936789e-05
discovery,9146,9246,pi,701,legacy5,degree,common,0.3,498003,False,3,False,6.643856189774724,4,0.5,2,0.5177664974619289,4.914584108936789e-05
discovery,9146,9246,pi,701,legacy5,degree,own,0.3,498001,False,2,False,3.321928094887362,4,0.25,1,0.34517766497461927,0.0006738881701213542
discovery,9146,9246,pi,701,legacy5,degree,own,0.3,498002,False,4,False,9.965784284662087,4,0.75,3,0.36548223350253806,0.0006738881701213542
discovery,9146,9246,pi,701,legacy5,degree,own,0.3,498003,False,2,False,3.321928094887362,4,0.25,1,0.3096446700507614,0.0006738881701213542
discovery,9146,9246,pi,701,legacy5,degree,coordinate,0.3,498001,False,2,False,3.321928094887362,4,0.25,1,0.25888324873096447,0.0017915469304337721
discovery,9146,9246,pi,701,legacy5,degree,coordinate,0.3,498002,False,4,False,9.965784284662087,4,0.75,3,0.30456852791878175,0.0017915469304337721
discovery,9146,9246,pi,701,legacy5,degree,coordinate,0.3,498003,False,2,False,3.321928094887362,4,0.25,1,0.25380710659898476,0.0017915469304337721
